timestamp_sec,mouse_dx_L,mouse_dy_L,mouse_dx_R,mouse_dy_R,mouse_lat_mm,mouse_fwd_mm,mouse_rot_rad,mouse_x,mouse_y,mouse_theta,lidar_x_mm,lidar_y_mm,lidar_theta_rad,lidar_dx_mm,lidar_dy_mm,lidar_dtheta_rad,lidar_valid
0.0000,,,,,,,,,,,0.0000,0.0000,0.0000,0.0000,0.0000,0.0000,1
0.0001,0,0,0,0,0.0000,0.0000,0.0000,0.0000,0.0000,0.0000,,,,,,,
0.0103,0,0,0,0,0.0000,0.0000,0.0000,0.0000,0.0000,0.0000,,,,,,,
0.0204,0,0,0,0,0.0000,0.0000,0.0000,0.0000,0.0000,0.0000,,,,,,,
0.0305,0,0,0,0,0.0000,0.0000,0.0000,0.0000,0.0000,0.0000,,,,,,,
0.0406,0,0,0,0,0.0000,0.0000,0.0000,0.0000,0.0000,0.0000,,,,,,,
0.0507,0,0,0,0,0.0000,0.0000,0.0000,0.0000,0.0000,0.0000,,,,,,,
0.0584,,,,,,,,,,,-0.0014,0.0116,0.0007,-0.0014,0.0116,0.0007,1
0.0607,0,0,0,-1,0.0000,0.0016,0.0000,-0.0000,0.0016,0.0000,,,,,,,
0.0708,0,-1,0,-1,0.0000,0.0032,-0.0000,-0.0000,0.0047,0.0000,,,,,,,
0.0809,0,-1,0,0,0.0000,0.0016,-0.0000,-0.0000,0.0064,-0.0000,,,,,,,
0.0910,0,0,0,-5,0.0000,0.0078,0.0001,-0.0000,0.0141,0.0001,,,,,,,
0.1011,-1,-42,-4,-55,-0.0078,0.1538,0.0002,-0.0078,0.1680,0.0004,,,,,,,
0.1112,-5,-74,0,0,-0.0080,0.1204,-0.0017,-0.0157,0.2884,-0.0014,,,,,,,
0.1213,0,0,-8,-100,-0.0123,0.1555,0.0022,-0.0280,0.4438,0.0009,,,,,,,
0.1313,-3,-105,0,0,-0.0048,0.1708,-0.0024,-0.0327,0.6147,-0.0016,,,,,,,
0.1414,0,0,-10,-140,-0.0154,0.2177,0.0031,-0.0481,0.8323,0.0015,,,,,,,
0.1515,-14,-135,-21,-168,-0.0546,0.4808,0.0006,-0.1036,1.3131,0.0021,,,,,,,
0.1616,-19,-140,0,0,-0.0302,0.2278,-0.0033,-0.1340,1.5408,-0.0011,,,,,,,
0.1716,0,0,-35,-192,-0.0540,0.2985,0.0043,-0.1882,1.8393,0.0031,,,,,,,
0.1817,-36,-147,-53,-216,-0.1390,0.5750,0.0014,-0.3294,2.4137,0.0045,,,,,,,
0.1919,-48,-167,0,0,-0.0763,0.2717,-0.0039,-0.4064,2.6852,0.0006,,,,,,,
0.1919,,,,,,,,,,,0.1231,1.1829,0.0003,0.1254,1.1712,-0.0004,1
0.2019,0,0,-61,-236,-0.0941,0.3669,0.0052,-0.5017,3.0518,0.0059,,,,,,,
0.2120,-56,-199,-66,-288,-0.1908,0.7715,0.0018,-0.6977,3.8220,0.0076,,,,,,,
0.2221,-60,-218,0,0,-0.0954,0.3547,-0.0051,-0.7950,4.1762,0.0026,,,,,,,
0.2322,0,0,-74,-317,-0.1141,0.4929,0.0070,-0.9121,4.6683,0.0096,,,,,,,
0.2422,-61,-196,0,0,-0.0970,0.3189,-0.0046,-1.0114,4.9865,0.0051,,,,,,,
0.2523,0,0,-71,-301,-0.1095,0.4680,0.0067,-1.1248,5.4535,0.0117,,,,,,,
0.2624,-80,-240,-87,-320,-0.2614,0.8880,0.0015,-1.3973,6.3381,0.0133,,,,,,,
0.2724,-71,-230,0,0,-0.1129,0.3742,-0.0053,-1.5142,6.7111,0.0079,,,,,,,
0.2825,0,0,-84,-320,-0.1295,0.4975,0.0071,-1.6494,7.2071,0.0150,,,,,,,
0.2926,-67,-272,-78,-356,-0.2268,0.9960,0.0016,-1.8920,8.1994,0.0166,,,,,,,
0.3027,-63,-252,0,0,-0.1002,0.4100,-0.0059,-1.9978,8.6079,0.0108,,,,,,,
0.3127,0,0,-76,-339,-0.1172,0.5271,0.0075,-2.1226,9.1332,0.0183,,,,,,,
0.3228,-62,-237,0,0,-0.0986,0.3856,-0.0055,-2.2272,9.5172,0.0128,,,,,,,
0.3329,0,0,-67,-312,-0.1033,0.4851,0.0069,-2.3384,10.0006,0.0197,,,,,,,
0.3423,,,,,,,,,,,-3.0725,8.5643,0.0140,-3.1931,7.3825,0.0136,1
0.3430,-60,-266,-66,-341,-0.1972,0.9629,0.0014,-2.5552,10.9593,0.0211,,,,,,,
0.3531,-55,-277,0,0,-0.0875,0.4506,-0.0064,-2.6507,11.4083,0.0147,,,,,,,
0.3632,0,0,-70,-347,-0.1079,0.5395,0.0077,-2.7686,11.9457,0.0224,,,,,,,
0.3732,-70,-263,-99,-349,-0.2640,0.9705,0.0016,-3.0550,12.9098,0.0240,,,,,,,
0.3833,-73,-269,0,0,-0.1161,0.4376,-0.0063,-3.1803,13.3449,0.0178,,,,,,,
0.3934,0,0,-73,-357,-0.1126,0.5550,0.0079,-3.3049,13.8973,0.0257,,,,,,,
0.4034,-41,-275,0,0,-0.0652,0.4474,-0.0064,-3.3801,14.3431,0.0193,,,,,,,
0.4135,0,0,-44,-343,-0.0679,0.5333,0.0076,-3.4603,14.8747,0.0269,,,,,,,
0.4236,-31,-250,-49,-317,-0.1249,0.8996,0.0012,-3.6099,15.7705,0.0282,,,,,,,
0.4336,-47,-250,0,0,-0.0747,0.4067,-0.0058,-3.6948,16.1752,0.0223,,,,,,,
0.4437,0,0,-44,-314,-0.0679,0.4882,0.0070,-3.7753,16.6615,0.0293,,,,,,,
0.4538,-38,-292,-35,-322,-0.1144,0.9757,0.0004,-3.9184,17.6334,0.0297,,,,,,,
0.4639,-24,-273,0,0,-0.0382,0.4441,-0.0063,-3.9683,18.0763,0.0233,,,,,,,
0.4739,0,0,-31,-336,-0.0478,0.5224,0.0075,-4.0303,18.5972,0.0308,,,,,,,
0.4840,-38,-291,-43,-320,-0.1267,0.9709,0.0003,-4.1870,19.5638,0.0311,,,,,,,
0.4901,,,,,,,,,,,-3.1038,16.8256,0.0242,0.0843,8.2609,0.0102,1
0.4941,-31,-261,0,0,-0.0493,0.4246,-0.0061,-4.2482,19.9868,0.0251,,,,,,,
0.5042,0,0,-38,-332,-0.0586,0.5162,0.0074,-4.3216,20.5011,0.0325,,,,,,,
0.5142,-35,-279,0,0,-0.0557,0.4539,-0.0065,-4.3905,20.9532,0.0260,,,,,,,
0.5243,0,0,-41,-341,-0.0632,0.5302,0.0076,-4.4695,21.4812,0.0335,,,,,,,
0.5344,-41,-236,-58,-345,-0.1546,0.9203,0.0022,-4.6559,22.3957,0.0357,,,,,,,
0.5445,-41,-310,0,0,-0.0652,0.5043,-0.0072,-4.7373,22.8976,0.0285,,,,,,,
0.5545,0,0,-45,-359,-0.0694,0.5582,0.0080,-4.8248,23.4532,0.0365,,,,,,,
0.5646,-32,-299,-41,-347,-0.1141,1.0259,0.0008,-4.9766,24.4743,0.0372,,,,,,,
0.5747,-43,-278,0,0,-0.0684,0.4523,-0.0065,-5.0604,24.9239,0.0308,,,,,,,
0.5848,0,0,-50,-352,-0.0771,0.5473,0.0078,-5.1564,25.4682,0.0386,,,,,,,
0.5948,-44,-306,0,0,-0.0700,0.4978,-0.0071,-5.2438,25.9633,0.0315,,,,,,,
0.6049,0,0,-34,-359,-0.0524,0.5582,0.0080,-5.3160,26.5192,0.0395,,,,,,,
0.6150,-22,-288,-30,-349,-0.0812,1.0111,0.0011,-5.4376,27.5263,0.0405,,,,,,,
0.6251,-39,-289,0,0,-0.0620,0.4702,-0.0067,-5.5170,27.9938,0.0338,,,,,,,
0.6260,,,,,,,,,,,-5.9751,26.9939,0.0303,-2.6242,10.2349,0.0061,1
0.6351,0,0,-42,-351,-0.0648,0.5457,0.0078,-5.6023,28.5367,0.0416,,,,,,,
0.6452,-30,-322,-38,-382,-0.1063,1.1178,0.0010,-5.7556,29.6490,0.0426,,,,,,,
0.6553,-41,-312,0,0,-0.0652,0.5076,-0.0073,-5.8405,30.1537,0.0354,,,,,,,
0.6654,0,0,-55,-358,-0.0848,0.5566,0.0080,-5.9472,30.7065,0.0433,,,,,,,
0.6754,-55,-292,0,0,-0.0875,0.4750,-0.0068,-6.0535,31.1777,0.0365,,,,,,,
0.6855,0,0,-65,-368,-0.1002,0.5721,0.0082,-6.1769,31.7453,0.0447,,,,,,,
0.6956,-22,-305,-42,-368,-0.0998,1.0683,0.0011,-6.3249,32.8080,0.0458,,,,,,,
0.7057,-31,-308,0,0,-0.0493,0.5011,-0.0072,-6.3953,33.3066,0.0386,,,,,,,
0.7157,0,0,-49,-388,-0.0756,0.6032,0.0086,-6.4966,33.9060,0.0472,,,,,,,
0.7258,-50,-322,-57,-388,-0.1674,1.1271,0.0011,-6.7177,35.0238,0.0484,,,,,,,
0.7359,-44,-318,0,0,-0.0700,0.5173,-0.0074,-6.8107,35.5375,0.0410,,,,,,,
0.7459,0,0,-44,-374,-0.0679,0.5815,0.0083,-6.9048,36.1154,0.0493,,,,,,,
0.7560,-32,-293,-41,-351,-0.1141,1.0224,0.0010,-7.0696,37.1308,0.0503,,,,,,,
0.7661,-23,-276,0,0,-0.0366,0.4490,-0.0064,-7.1273,37.5776,0.0439,,,,,,,
0.7739,,,,,,,,,,,-5.2204,36.4919,0.0387,1.0424,9.4707,0.0084,1
0.7762,0,0,-36,-353,-0.0555,0.5488,0.0078,-7.2089,38.1232,0.0517,,,,,,,
0.7862,-49,-284,0,0,-0.0779,0.4620,-0.0066,-7.3091,38.5809,0.0451,,,,,,,
0.7963,0,0,-43,-362,-0.0663,0.5628,0.0080,-7.4030,39.1398,0.0531,,,,,,,
0.8064,-44,-290,-53,-353,-0.1517,1.0206,0.0011,-7.6092,40.1508,0.0542,,,,,,,
0.8165,-33,-315,0,0,-0.0525,0.5125,-0.0073,-7.6876,40.6599,0.0469,,,,,,,
0.8266,0,0,-43,-383,-0.0663,0.5955,0.0085,-7.7842,41.2512,0.0554,,,,,,,
0.8366,-43,-321,-51,-371,-0.1470,1.0990,0.0008,-7.9924,42.3403,0.0562,,,,,,,
0.8467,-56,-306,0,0,-0.0891,0.4978,-0.0071,-8.1075,42.8328,0.0491,,,,,,,
0.8568,0,0,-56,-364,-0.0864,0.5659,0.0081,-8.2238,43.3933,0.0572,,,,,,,
0.8669,-46,-307,0,0,-0.0732,0.4994,-0.0071,-8.3236,43.8881,0.0500,,,,,,,
0.8769,0,0,-46,-364,-0.0709,0.5659,0.0081,-8.4250,44.4494,0.0581,,,,,,,
0.8870,-45,-318,-48,-353,-0.1456,1.0662,0.0004,-8.6325,45.5053,0.0586,,,,,,,
0.8971,-44,-292,0,0,-0.0700,0.4750,-0.0068,-8.7286,45.9757,0.0518,,,,,,,
0.9072,0,0,-50,-361,-0.0771,0.5613,0.0080,-8.8369,46.5318,0.0598,,,,,,,
0.9172,-31,-262,-46,-366,-0.1202,0.9953,0.0020,-9.0174,47.5179,0.0619,,,,,,,
0.9199,,,,,,,,,,,-6.8148,45.1540,0.0448,-1.2577,8.7174,0.0061,1
0.9273,-49,-270,0,0,-0.0779,0.4393,-0.0063,-9.1210,47.9519,0.0556,,,,,,,
0.9374,0,0,-53,-322,-0.0817,0.5006,0.0072,-9.2322,48.4468,0.0627,,,,,,,
0.9474,-52,-299,0,0,-0.0827,0.4864,-0.0069,-9.3435,48.9275,0.0558,,,,,,,
0.9575,0,0,-47,-357,-0.0725,0.5550,0.0079,-9.4490,49.4772,0.0637,,,,,,,
0.9676,-19,-254,-31,-339,-0.0780,0.9403,0.0016,-9.5875,50.4105,0.0653,,,,,,,
0.9777,-39,-314,0,0,-0.0620,0.5108,-0.0073,-9.6809,50.9165,0.0580,,,,,,,
0.9877,0,0,-54,-361,-0.0833,0.5613,0.0080,-9.7988,51.4715,0.0661,,,,,,,
0.9978,-50,-306,-58,-399,-0.1690,1.1182,0.0018,-10.0422,52.5759,0.0678,,,,,,,
1.0079,-51,-329,0,0,-0.0811,0.5352,-0.0076,-10.1573,53.1049,0.0602,,,,,,,
1.0182,0,0,-49,-362,-0.0756,0.5628,0.0080,-10.2688,53.6617,0.0682,,,,,,,
1.0283,-37,-294,-45,-355,-0.1282,1.0302,0.0011,-10.4675,54.6807,0.0693,,,,,,,
1.0383,-36,-295,0,0,-0.0573,0.4799,-0.0069,-10.5562,55.1558,0.0624,,,,,,,
1.0484,0,0,-33,-349,-0.0509,0.5426,0.0078,-10.6429,55.6938,0.0701,,,,,,,
1.0551,,,,,,,,,,,-9.3863,57.1924,0.0527,-2.0297,12.1415,0.0079,1
1.0585,-27,-289,0,0,-0.0429,0.4702,-0.0067,-10.7171,56.1601,0.0634,,,,,,,
1.0685,0,0,-41,-360,-0.0632,0.5597,0.0080,-10.8179,56.7143,0.0714,,,,,,,
1.0786,-48,-250,-31,-325,-0.1241,0.9120,0.0014,-11.0075,57.6150,0.0728,,,,,,,
1.0887,-28,-302,0,0,-0.0445,0.4913,-0.0070,-11.0859,58.1020,0.0658,,,,,,,
1.0988,0,0,-20,-349,-0.0308,0.5426,0.0078,-11.1545,58.6412,0.0736,,,,,,,
1.1088,-16,-308,-29,-345,-0.0702,1.0375,0.0005,-11.3010,59.6706,0.0741,,,,,,,
1.1189,-26,-298,0,0,-0.0413,0.4848,-0.0069,-11.3764,60.1513,0.0671,,,,,,,
1.1290,0,0,-24,-349,-0.0370,0.5426,0.0078,-11.4518,60.6899,0.0749,,,,,,,
1.1391,-11,-309,0,0,-0.0175,0.5027,-0.0072,-11.5051,61.1901,0.0677,,,,,,,
1.1491,0,0,-26,-349,-0.0401,0.5426,0.0078,-11.5839,61.7284,0.0755,,,,,,,
1.1592,-21,-309,-33,-350,-0.0843,1.0469,0.0006,-11.7472,62.7659,0.0761,,,,,,,
1.1693,-36,-313,0,0,-0.0573,0.5092,-0.0073,-11.8411,63.2696,0.0688,,,,,,,
1.1794,0,0,-36,-349,-0.0555,0.5426,0.0078,-11.9359,63.8068,0.0765,,,,,,,
1.1894,-16,-283,-35,-337,-0.0794,0.9844,0.0009,-12.0908,64.7821,0.0774,,,,,,,
1.1995,-37,-292,0,0,-0.0588,0.4750,-0.0068,-12.1846,65.2515,0.0707,,,,,,,
1.2033,,,,,,,,,,,-9.8260,65.1087,0.0594,-0.0217,7.9285,0.0067,1
1.2096,0,0,-35,-329,-0.0540,0.5115,0.0073,-12.2764,65.7576,0.0780,,,,,,,
1.2196,-25,-290,0,0,-0.0398,0.4718,-0.0067,-12.3512,66.2251,0.0712,,,,,,,
1.2297,0,0,-19,-346,-0.0293,0.5379,0.0077,-12.4208,66.7593,0.0789,,,,,,,
1.2398,-28,-306,-34,-350,-0.0970,1.0420,0.0007,-12.5999,67.7904,0.0796,,,,,,,
1.2499,-33,-306,0,0,-0.0525,0.4978,-0.0071,-12.6901,68.2828,0.0725,,,,,,,
1.2599,0,0,-35,-345,-0.0540,0.5364,0.0077,-12.7848,68.8135,0.0801,,,,,,,
1.2700,-20,-295,-30,-350,-0.0781,1.0241,0.0009,-12.9450,69.8280,0.0810,,,,,,,
1.2801,-33,-295,0,0,-0.0525,0.4799,-0.0069,-13.0346,70.3024,0.0742,,,,,,,
1.2902,0,0,-35,-336,-0.0540,0.5224,0.0075,-13.1290,70.8190,0.0817,,,,,,,
1.3002,-28,-292,-25,-333,-0.0831,0.9928,0.0006,-13.2931,71.8016,0.0823,,,,,,,
1.3103,-5,-251,0,0,-0.0080,0.4083,-0.0058,-13.3334,72.2081,0.0764,,,,,,,
1.3204,0,0,-27,-339,-0.0416,0.5271,0.0075,-13.4171,72.7301,0.0840,,,,,,,
1.3305,-28,-279,0,0,-0.0445,0.4539,-0.0065,-13.4981,73.1789,0.0775,,,,,,,
1.3405,0,0,-35,-314,-0.0540,0.4882,0.0070,-13.5914,73.6612,0.0844,,,,,,,
1.3496,,,,,,,,,,,-10.5480,75.3424,0.0619,-0.1128,10.2585,0.0025,1
1.3506,-14,-286,-16,-352,-0.0469,1.0126,0.0012,-13.7241,74.6661,0.0856,,,,,,,
1.3607,-12,-282,0,0,-0.0191,0.4588,-0.0066,-13.7809,75.1217,0.0791,,,,,,,
1.3707,0,0,-24,-333,-0.0370,0.5177,0.0074,-13.8606,75.6346,0.0865,,,,,,,
1.3808,-35,-272,-37,-330,-0.1127,0.9556,0.0010,-14.0559,76.5768,0.0875,,,,,,,
1.3909,-16,-285,0,0,-0.0254,0.4637,-0.0066,-14.1202,77.0367,0.0808,,,,,,,
1.4010,0,0,-18,-333,-0.0278,0.5177,0.0074,-14.1916,77.5502,0.0882,,,,,,,
1.4110,-11,-288,0,0,-0.0175,0.4685,-0.0067,-14.2487,78.0156,0.0815,,,,,,,
1.4211,0,0,-24,-343,-0.0370,0.5333,0.0076,-14.3311,78.5438,0.0892,,,,,,,
1.4312,-27,-290,-29,-327,-0.0877,0.9802,0.0005,-14.5059,79.5122,0.0897,,,,,,,
1.4413,-10,-282,0,0,-0.0159,0.4588,-0.0066,-14.5613,79.9679,0.0831,,,,,,,
1.4513,0,0,-14,-309,-0.0216,0.4804,0.0069,-14.6244,80.4446,0.0900,,,,,,,
1.4614,-10,-283,-20,-315,-0.0467,0.9501,0.0004,-14.7565,81.3867,0.0904,,,,,,,
1.4715,-21,-270,0,0,-0.0334,0.4393,-0.0063,-14.8281,81.8214,0.0841,,,,,,,
1.4816,0,0,-22,-314,-0.0339,0.4882,0.0070,-14.9046,82.3047,0.0911,,,,,,,
1.4846,,,,,,,,,,,-10.8552,83.1151,0.0673,0.1744,7.7768,0.0054,1
1.4916,-1,-303,0,0,-0.0016,0.4929,-0.0070,-14.9493,82.7956,0.0841,,,,,,,
1.5017,0,0,-3,-307,-0.0046,0.4773,0.0068,-14.9956,83.2707,0.0909,,,,,,,
1.5118,-5,-276,-10,-312,-0.0234,0.9341,0.0005,-15.1039,84.1988,0.0914,,,,,,,
1.5218,-10,-262,0,0,-0.0159,0.4262,-0.0061,-15.1574,84.6220,0.0853,,,,,,,
1.5319,0,0,-3,-307,-0.0046,0.4773,0.0068,-15.2043,85.0970,0.0921,,,,,,,
1.5420,-1,-316,-2,-333,-0.0047,1.0318,0.0001,-15.3039,86.1240,0.0922,,,,,,,
1.5521,-9,-284,0,0,-0.0143,0.4620,-0.0066,-15.3592,86.5830,0.0856,,,,,,,
1.5621,0,0,-15,-306,-0.0231,0.4758,0.0068,-15.4245,87.0548,0.0924,,,,,,,
1.5722,-5,-288,-6,-325,-0.0172,0.9738,0.0005,-15.5317,88.0228,0.0929,,,,,,,
1.5823,-9,-268,0,0,-0.0143,0.4360,-0.0062,-15.5851,88.4558,0.0867,,,,,,,
1.5924,0,0,-11,-288,-0.0170,0.4478,0.0064,-15.6422,88.9002,0.0931,,,,,,,
1.6024,-14,-254,0,0,-0.0223,0.4132,-0.0059,-15.7015,89.3098,0.0872,,,,,,,
1.6125,0,0,-9,-293,-0.0139,0.4555,0.0065,-15.7565,89.7622,0.0937,,,,,,,
1.6226,3,-291,0,-303,0.0048,0.9445,-0.0000,-15.8401,90.7030,0.0937,,,,,,,
1.6304,,,,,,,,,,,-12.7141,89.6938,0.0694,-1.4121,6.6889,0.0021,1
1.6327,-1,-274,0,0,-0.0016,0.4458,-0.0064,-15.8820,91.1468,0.0873,,,,,,,
1.6427,0,0,-10,-315,-0.0154,0.4897,0.0070,-15.9417,91.6331,0.0943,,,,,,,
1.6528,-15,-263,-18,-326,-0.0516,0.9347,0.0011,-16.0816,92.5588,0.0954,,,,,,,
1.6629,-1,-303,0,0,-0.0016,0.4929,-0.0070,-16.1284,93.0495,0.0884,,,,,,,
1.6730,0,0,-7,-325,-0.0108,0.5053,0.0072,-16.1856,93.5516,0.0956,,,,,,,
1.6830,-16,-282,0,0,-0.0254,0.4588,-0.0066,-16.2532,94.0061,0.0890,,,,,,,
1.6931,0,0,-28,-322,-0.0432,0.5006,0.0072,-16.3425,94.5006,0.0962,,,,,,,
1.7032,-20,-291,-23,-324,-0.0673,0.9772,0.0004,-16.5035,95.4668,0.0966,,,,,,,
1.7132,-11,-308,0,0,-0.0175,0.5011,-0.0072,-16.5675,95.9640,0.0895,,,,,,,
1.7233,0,0,-26,-349,-0.0401,0.5426,0.0078,-16.6580,96.5005,0.0972,,,,,,,
1.7334,-22,-262,-36,-317,-0.0905,0.9191,0.0010,-16.8377,97.4064,0.0982,,,,,,,
1.7434,-20,-283,0,0,-0.0318,0.4604,-0.0066,-16.9130,97.8617,0.0916,,,,,,,
1.7535,0,0,-28,-355,-0.0432,0.5519,0.0079,-17.0086,98.4071,0.0995,,,,,,,
1.7636,-18,-305,0,0,-0.0286,0.4962,-0.0071,-17.0846,98.8982,0.0924,,,,,,,
1.7737,0,0,-28,-327,-0.0432,0.5084,0.0073,-17.1763,99.4001,0.0996,,,,,,,
1.7782,,,,,,,,,,,-13.3366,100.5235,0.0711,0.1300,10.8468,0.0017,1
1.7837,-37,-289,-46,-350,-0.1298,1.0143,0.0011,-17.4069,100.3964,0.1007,,,,,,,
1.7938,-41,-293,0,0,-0.0652,0.4767,-0.0068,-17.5181,100.8645,0.0939,,,,,,,
1.8039,0,0,-39,-377,-0.0601,0.5861,0.0084,-17.6353,101.4419,0.1023,,,,,,,
1.8140,-35,-274,-44,-365,-0.1235,1.0132,0.0017,-17.8625,102.4371,0.1040,,,,,,,
1.8240,-49,-306,0,0,-0.0779,0.4978,-0.0071,-17.9899,102.9246,0.0969,,,,,,,
1.8341,0,0,-47,-352,-0.0725,0.5473,0.0078,-18.1171,103.4618,0.1047,,,,,,,
1.8442,-27,-295,-33,-356,-0.0938,1.0334,0.0011,-18.3190,104.4796,0.1058,,,,,,,
1.8542,-27,-289,0,0,-0.0429,0.4702,-0.0067,-18.4098,104.9429,0.0990,,,,,,,
1.8643,0,0,-46,-348,-0.0709,0.5411,0.0077,-18.5359,105.4738,0.1068,,,,,,,
1.8744,-42,-280,0,0,-0.0668,0.4555,-0.0065,-18.6494,105.9200,0.1003,,,,,,,
1.8845,0,0,-38,-339,-0.0586,0.5271,0.0075,-18.7624,106.4381,0.1078,,,,,,,
1.8945,-11,-290,-8,-320,-0.0298,0.9693,0.0004,-18.8965,107.3986,0.1082,,,,,,,
1.9046,-7,-281,0,0,-0.0111,0.4571,-0.0065,-18.9555,107.8521,0.1016,,,,,,,
1.9147,0,0,-12,-293,-0.0185,0.4555,0.0065,-19.0216,108.3032,0.1081,,,,,,,
1.9149,,,,,,,,,,,-15.3922,109.8192,0.0774,-1.3900,9.4182,0.0063,1
1.9248,4,-256,-2,-287,0.0033,0.8627,0.0004,-19.1116,109.1611,0.1086,,,,,,,
1.9348,13,-276,0,0,0.0207,0.4490,-0.0064,-19.1383,109.6098,0.1022,,,,,,,
1.9449,0,0,12,-290,0.0185,0.4509,0.0064,-19.1673,110.0602,0.1086,,,,,,,
1.9550,8,-258,0,0,0.0127,0.4197,-0.0060,-19.1989,110.4789,0.1026,,,,,,,
1.9651,0,0,3,-277,0.0046,0.4307,0.0062,-19.2397,110.9076,0.1087,,,,,,,
1.9751,2,-273,3,-294,0.0078,0.9012,0.0002,-19.3298,111.8044,0.1089,,,,,,,
1.9852,15,-290,0,0,0.0239,0.4718,-0.0067,-19.3558,112.2761,0.1022,,,,,,,
1.9953,0,0,4,-296,0.0062,0.4602,0.0066,-19.3981,112.7344,0.1088,,,,,,,
2.0054,1,-239,-2,-262,-0.0015,0.7962,0.0003,-19.4862,113.5257,0.1090,,,,,,,
2.0155,10,-256,0,0,0.0159,0.4165,-0.0059,-19.5144,113.9415,0.1031,,,,,,,
2.0256,0,0,17,-271,0.0262,0.4213,0.0060,-19.5330,114.3632,0.1091,,,,,,,
2.0357,27,-277,0,0,0.0429,0.4506,-0.0064,-19.5379,114.8159,0.1027,,,,,,,
2.0458,0,0,17,-276,0.0262,0.4291,0.0061,-19.5571,115.2454,0.1088,,,,,,,
2.0558,12,-264,1,-270,0.0206,0.8493,-0.0001,-19.6288,116.0919,0.1087,,,,,,,
2.0596,,,,,,,,,,,-14.8071,118.1892,0.0760,1.2304,8.2997,-0.0013,1
2.0659,9,-258,0,0,0.0143,0.4197,-0.0060,-19.6588,116.5108,0.1027,,,,,,,
2.0760,0,0,11,-286,0.0170,0.4447,0.0064,-19.6889,116.9547,0.1090,,,,,,,
2.0861,17,-273,4,-282,0.0332,0.8826,-0.0001,-19.7519,117.8357,0.1089,,,,,,,
2.0961,7,-246,0,0,0.0111,0.4002,-0.0057,-19.7832,118.2348,0.1032,,,,,,,
2.1062,0,0,1,-283,0.0015,0.4400,0.0063,-19.8284,118.6725,0.1095,,,,,,,
2.1163,4,-269,2,-297,0.0094,0.8994,0.0003,-19.9174,119.5675,0.1098,,,,,,,
2.1263,5,-237,0,0,0.0080,0.3856,-0.0055,-19.9507,119.9517,0.1043,,,,,,,
2.1364,0,0,-9,-298,-0.0139,0.4633,0.0066,-20.0143,120.4108,0.1110,,,,,,,
2.1465,-5,-267,0,0,-0.0080,0.4344,-0.0062,-20.0690,120.8418,0.1047,,,,,,,
2.1566,0,0,-7,-288,-0.0108,0.4478,0.0064,-20.1279,121.2858,0.1111,,,,,,,
2.1666,6,-255,2,-296,0.0126,0.8751,0.0006,-20.2127,122.1569,0.1118,,,,,,,
2.1767,8,-253,0,0,0.0127,0.4116,-0.0059,-20.2448,122.5674,0.1059,,,,,,,
2.1868,0,0,-2,-270,-0.0031,0.4198,0.0060,-20.2935,122.9844,0.1119,,,,,,,
2.1968,6,-251,0,-287,0.0095,0.8546,0.0005,-20.3797,123.8346,0.1125,,,,,,,
2.2069,11,-260,0,0,0.0175,0.4230,-0.0060,-20.4085,124.2570,0.1064,,,,,,,
2.2069,,,,,,,,,,,-14.9080,124.5485,0.0760,0.3825,6.3487,-0.0001,1
2.2170,0,0,4,-288,0.0062,0.4478,0.0064,-20.4513,124.7027,0.1128,,,,,,,
2.2271,-5,-254,0,0,-0.0080,0.4132,-0.0059,-20.5045,125.1126,0.1069,,,,,,,
2.2371,0,0,-8,-294,-0.0123,0.4571,0.0065,-20.5671,125.5656,0.1134,,,,,,,
2.2472,3,-252,0,-282,0.0048,0.8484,0.0004,-20.6585,126.4090,0.1138,,,,,,,
2.2573,6,-248,0,0,0.0095,0.4035,-0.0058,-20.6937,126.8111,0.1081,,,,,,,
2.2674,0,0,-4,-296,-0.0062,0.4602,0.0066,-20.7510,127.2678,0.1147,,,,,,,
2.2774,-13,-230,-25,-274,-0.0592,0.8002,0.0007,-20.9017,128.0558,0.1154,,,,,,,
2.2875,1,-255,0,0,0.0016,0.4148,-0.0059,-20.9466,128.4683,0.1095,,,,,,,
2.2976,0,0,3,-292,0.0046,0.4540,0.0065,-20.9931,128.9199,0.1160,,,,,,,
2.3077,11,-262,0,0,0.0175,0.4262,-0.0061,-21.0237,129.3454,0.1099,,,,,,,
2.3177,0,0,3,-274,0.0046,0.4260,0.0061,-21.0671,129.7692,0.1159,,,,,,,
2.3278,-5,-250,-9,-291,-0.0218,0.8591,0.0007,-21.1885,130.6200,0.1166,,,,,,,
2.3379,5,-255,0,0,0.0080,0.4148,-0.0059,-21.2276,131.0331,0.1107,,,,,,,
2.3423,,,,,,,,,,,-15.4351,133.9274,0.0752,0.1862,9.3918,-0.0008,1
2.3479,0,0,3,-283,0.0046,0.4400,0.0063,-21.2730,131.4708,0.1170,,,,,,,
2.3580,8,-269,2,-292,0.0158,0.8916,0.0002,-21.3614,132.3581,0.1172,,,,,,,
2.3681,-3,-244,0,0,-0.0048,0.3970,-0.0057,-21.4115,132.7519,0.1115,,,,,,,
2.3782,0,0,-5,-289,-0.0077,0.4493,0.0064,-21.4706,133.1974,0.1179,,,,,,,
2.3883,0,-276,0,-296,0.0000,0.9092,0.0002,-21.5776,134.1003,0.1181,,,,,,,
2.3991,-1,-259,0,0,-0.0016,0.4214,-0.0060,-21.6276,134.5187,0.1121,,,,,,,
2.4092,0,0,-6,-274,-0.0093,0.4260,0.0061,-21.6857,134.9408,0.1182,,,,,,,
2.4193,-3,-227,0,0,-0.0048,0.3693,-0.0053,-21.7330,135.3071,0.1129,,,,,,,
2.4293,0,0,1,-287,0.0015,0.4462,0.0064,-21.7832,135.7505,0.1193,,,,,,,
2.4394,26,-277,14,-291,0.0629,0.9031,0.0000,-21.8282,136.6546,0.1193,,,,,,,
2.4495,7,-246,0,0,0.0111,0.4002,-0.0057,-21.8636,137.0534,0.1136,,,,,,,
2.4596,0,0,1,-271,0.0015,0.4213,0.0060,-21.9111,137.4721,0.1196,,,,,,,
2.4697,5,-253,10,-276,0.0234,0.8407,0.0003,-21.9883,138.3096,0.1198,,,,,,,
2.4798,20,-259,0,0,0.0318,0.4214,-0.0060,-22.0058,138.7318,0.1138,,,,,,,
2.4898,0,0,19,-282,0.0293,0.4384,0.0063,-22.0279,139.1706,0.1201,,,,,,,
2.4924,,,,,,,,,,,-15.4600,143.0594,0.0735,0.6611,9.1081,-0.0016,1
2.4999,18,-252,0,0,0.0286,0.4100,-0.0059,-22.0474,139.5811,0.1142,,,,,,,
2.5100,0,0,17,-265,0.0262,0.4120,0.0059,-22.0695,139.9934,0.1201,,,,,,,
2.5200,23,-265,24,-265,0.0736,0.8431,-0.0003,-22.0974,140.8392,0.1198,,,,,,,
2.5301,25,-262,0,0,0.0398,0.4262,-0.0061,-22.1075,141.2672,0.1138,,,,,,,
2.5402,0,0,18,-258,0.0278,0.4011,0.0057,-22.1266,141.6688,0.1195,,,,,,,
2.5503,7,-226,9,-251,0.0250,0.7579,0.0003,-22.1923,142.4243,0.1198,,,,,,,
2.5603,31,-255,0,0,0.0493,0.4148,-0.0059,-22.1917,142.8421,0.1139,,,,,,,
2.5704,0,0,35,-259,0.0540,0.4027,0.0058,-22.1850,143.2483,0.1196,,,,,,,
2.5805,31,-257,28,-253,0.0925,0.8115,-0.0004,-22.1899,144.0650,0.1193,,,,,,,
2.5906,12,-235,0,0,0.0191,0.3823,-0.0055,-22.2154,144.4470,0.1138,,,,,,,
2.6007,0,0,0,0,0.0000,0.0000,0.0000,-22.2154,144.4470,0.1138,,,,,,,
2.6107,26,-262,0,0,0.0413,0.4262,-0.0061,-22.2214,144.8751,0.1077,,,,,,,
2.6208,0,0,10,-240,0.0154,0.3731,0.0053,-22.2472,145.2477,0.1131,,,,,,,
2.6309,24,-257,34,-274,0.0906,0.8441,0.0001,-22.2524,146.0967,0.1132,,,,,,,
2.6380,,,,,,,,,,,-15.9116,147.7195,0.0712,-0.1080,4.6806,-0.0023,1
2.6410,10,-235,0,0,0.0159,0.3823,-0.0055,-22.2788,146.4784,0.1077,,,,,,,
2.6511,0,0,23,-516,0.0355,0.8023,0.0115,-22.3344,147.2795,0.1192,,,,,,,
2.6611,15,-254,19,-259,0.0532,0.8159,-0.0002,-22.3785,148.0959,0.1190,,,,,,,
2.6712,8,-231,0,0,0.0127,0.3758,-0.0054,-22.4095,148.4707,0.1137,,,,,,,
2.6813,0,0,1,-251,0.0015,0.3902,0.0056,-22.4533,148.8585,0.1192,,,,,,,
2.6914,9,-245,0,0,0.0143,0.3986,-0.0057,-22.4854,149.2560,0.1135,,,,,,,
2.7014,0,0,8,-258,0.0123,0.4011,0.0057,-22.5197,149.6559,0.1193,,,,,,,
2.7115,17,-262,7,-289,0.0378,0.8756,0.0003,-22.5865,150.5297,0.1196,,,,,,,
2.7216,7,-262,0,0,0.0111,0.4262,-0.0061,-22.6250,150.9543,0.1135,,,,,,,
2.7317,0,0,0,-266,0.0000,0.4136,0.0059,-22.6730,151.3651,0.1194,,,,,,,
2.7418,11,-253,12,-253,0.0360,0.8049,-0.0003,-22.7331,152.1686,0.1192,,,,,,,
2.7519,24,-254,0,0,0.0382,0.4132,-0.0059,-22.7431,152.5835,0.1133,,,,,,,
2.7619,0,0,27,-266,0.0416,0.4136,0.0059,-22.7497,152.9991,0.1192,,,,,,,
2.7720,19,-237,0,0,0.0302,0.3856,-0.0055,-22.7644,153.3855,0.1137,,,,,,,
2.7749,,,,,,,,,,,-13.2326,157.1009,0.0659,3.3399,9.1670,-0.0054,1
2.7822,0,0,14,-232,0.0216,0.3607,0.0052,-22.7848,153.7463,0.1188,,,,,,,
2.7923,18,-249,29,-245,0.0733,0.7860,-0.0003,-22.8050,154.5355,0.1185,,,,,,,
2.8024,27,-250,0,0,0.0429,0.4067,-0.0058,-22.8093,154.9444,0.1126,,,,,,,
2.8125,0,0,23,-248,0.0355,0.3856,0.0055,-22.8184,155.3315,0.1182,,,,,,,
2.8226,18,-204,17,-258,0.0548,0.7330,0.0010,-22.8508,156.0659,0.1191,,,,,,,
2.8326,23,-271,0,0,0.0366,0.4409,-0.0063,-22.8654,156.5080,0.1128,,,,,,,
2.8427,0,0,25,-272,0.0386,0.4229,0.0060,-22.8760,156.9325,0.1189,,,,,,,
2.8528,15,-260,5,-294,0.0316,0.8801,0.0005,-22.9493,157.8101,0.1194,,,,,,,
2.8629,-3,-264,0,0,-0.0048,0.4295,-0.0061,-23.0039,158.2361,0.1132,,,,,,,
2.8729,0,0,0,-292,0.0000,0.4540,0.0065,-23.0566,158.6871,0.1197,,,,,,,
2.8830,1,-265,0,0,0.0016,0.4311,-0.0062,-23.1052,159.1154,0.1136,,,,,,,
2.8931,0,0,-1,-314,-0.0015,0.4882,0.0070,-23.1638,159.6001,0.1205,,,,,,,
2.9032,5,-273,1,-317,0.0095,0.9370,0.0007,-23.2674,160.5314,0.1212,,,,,,,
2.9132,1,-263,0,0,0.0016,0.4279,-0.0061,-23.3162,160.9565,0.1151,,,,,,,
2.9233,0,0,-1,-316,-0.0015,0.4913,0.0070,-23.3759,161.4441,0.1221,,,,,,,
2.9241,,,,,,,,,,,-13.7442,165.5142,0.0620,0.0432,8.4287,-0.0039,1
2.9334,5,-288,0,-306,0.0080,0.9443,0.0001,-23.4831,162.3824,0.1222,,,,,,,
2.9435,-8,-247,0,0,-0.0127,0.4018,-0.0057,-23.5436,162.7798,0.1165,,,,,,,
2.9536,0,0,-8,-294,-0.0123,0.4571,0.0065,-23.6105,163.2322,0.1230,,,,,,,
2.9637,1,-253,0,0,0.0016,0.4116,-0.0059,-23.6582,163.6410,0.1172,,,,,,,
2.9737,0,0,7,-290,0.0108,0.4509,0.0064,-23.7016,164.0899,0.1236,,,,,,,
2.9838,19,-287,12,-290,0.0487,0.9178,-0.0002,-23.7663,165.0067,0.1234,,,,,,,
2.9939,8,-277,0,0,0.0127,0.4506,-0.0064,-23.8077,165.4556,0.1169,,,,,,,
3.0040,0,0,2,-284,0.0031,0.4416,0.0063,-23.8575,165.8943,0.1232,,,,,,,
3.0142,7,-268,12,-279,0.0296,0.8698,-0.0000,-23.9350,166.7612,0.1232,,,,,,,
3.0242,9,-256,0,0,0.0143,0.4165,-0.0059,-23.9708,167.1764,0.1173,,,,,,,
3.0343,0,0,9,-300,0.0139,0.4664,0.0067,-24.0131,167.6411,0.1239,,,,,,,
3.0444,9,-244,3,-267,0.0189,0.8121,0.0003,-24.0948,168.4492,0.1242,,,,,,,
3.0545,8,-254,0,0,0.0127,0.4132,-0.0059,-24.1321,168.8610,0.1183,,,,,,,
3.0646,0,0,5,-291,0.0077,0.4524,0.0065,-24.1793,169.3110,0.1247,,,,,,,
3.0671,,,,,,,,,,,-14.4344,172.0549,0.0606,-0.2836,6.5708,-0.0014,1
3.0746,1,-253,0,0,0.0016,0.4116,-0.0059,-24.2277,169.7197,0.1189,,,,,,,
3.0847,0,0,-5,-298,-0.0077,0.4633,0.0066,-24.2919,170.1787,0.1255,,,,,,,
3.0948,-1,-258,-4,-300,-0.0078,0.8862,0.0007,-24.4108,171.0568,0.1261,,,,,,,
3.1049,4,-270,0,0,0.0064,0.4393,-0.0063,-24.4583,171.4936,0.1199,,,,,,,
3.1149,0,0,-1,-305,-0.0015,0.4742,0.0068,-24.5182,171.9640,0.1266,,,,,,,
3.1250,-5,-265,-10,-314,-0.0234,0.9193,0.0008,-24.6578,172.8729,0.1275,,,,,,,
3.1351,-2,-271,0,0,-0.0032,0.4409,-0.0063,-24.7157,173.3100,0.1212,,,,,,,
3.1452,0,0,-1,-303,-0.0015,0.4711,0.0067,-24.7757,173.7772,0.1279,,,,,,,
3.1553,6,-288,0,0,0.0095,0.4685,-0.0067,-24.8244,174.2433,0.1212,,,,,,,
3.1654,0,0,6,-313,0.0093,0.4866,0.0070,-24.8758,174.7273,0.1282,,,,,,,
3.1754,4,-249,1,-271,0.0079,0.8264,0.0002,-24.9736,175.5480,0.1284,,,,,,,
3.1855,7,-254,0,0,0.0111,0.4132,-0.0059,-25.0143,175.9594,0.1225,,,,,,,
3.1956,0,0,11,-279,0.0170,0.4338,0.0062,-25.0518,176.3918,0.1287,,,,,,,
3.2023,,,,,,,,,,,-14.5479,181.6169,0.0587,0.4656,9.5514,-0.0019,1
3.2057,13,-250,15,-266,0.0438,0.8203,0.0001,-25.1137,177.2110,0.1288,,,,,,,
3.2158,14,-242,0,0,0.0223,0.3937,-0.0056,-25.1410,177.6043,0.1231,,,,,,,
3.2259,0,0,9,-254,0.0139,0.3949,0.0056,-25.1769,177.9979,0.1288,,,,,,,
3.2359,14,-234,0,0,0.0223,0.3807,-0.0054,-25.2026,178.3783,0.1234,,,,,,,
3.2460,0,0,24,-257,0.0370,0.3996,0.0057,-25.2162,178.7794,0.1291,,,,,,,
3.2561,31,-242,27,-265,0.0909,0.8057,0.0003,-25.2299,179.5901,0.1293,,,,,,,
3.2662,19,-206,0,0,0.0302,0.3351,-0.0048,-25.2423,179.9263,0.1245,,,,,,,
3.2763,0,0,24,-275,0.0370,0.4276,0.0061,-25.2600,180.3551,0.1306,,,,,,,
3.2864,26,-251,30,-266,0.0876,0.8219,0.0001,-25.2802,181.1815,0.1307,,,,,,,
3.2965,30,-253,0,0,0.0477,0.4116,-0.0059,-25.2854,181.5958,0.1248,,,,,,,
3.3066,0,0,22,-266,0.0339,0.4136,0.0059,-25.3044,182.0103,0.1307,,,,,,,
3.3166,18,-252,9,-284,0.0425,0.8515,0.0005,-25.3735,182.8601,0.1312,,,,,,,
3.3268,21,-276,0,0,0.0334,0.4490,-0.0064,-25.3977,183.3097,0.1248,,,,,,,
3.3369,0,0,11,-291,0.0170,0.4524,0.0065,-25.4386,183.7606,0.1312,,,,,,,
3.3469,6,-195,0,0,0.0095,0.3172,-0.0045,-25.4700,184.0764,0.1267,,,,,,,
3.3491,,,,,,,,,,,-14.8515,187.0374,0.0567,0.0147,5.4290,-0.0020,1
3.3571,0,0,0,-304,0.0000,0.4726,0.0068,-25.5313,184.5450,0.1335,,,,,,,
3.3672,-1,-247,4,-292,0.0046,0.8558,0.0007,-25.6409,185.3938,0.1342,,,,,,,
3.3773,13,-274,0,0,0.0207,0.4458,-0.0064,-25.6787,185.8385,0.1278,,,,,,,
3.3873,0,0,7,-303,0.0108,0.4711,0.0067,-25.7296,186.3069,0.1346,,,,,,,
3.3974,2,-272,-1,-289,0.0016,0.8918,0.0001,-25.8477,187.1909,0.1347,,,,,,,
3.4075,11,-278,0,0,0.0175,0.4523,-0.0065,-25.8896,187.6416,0.1282,,,,,,,
3.4175,0,0,11,-294,0.0170,0.4571,0.0065,-25.9327,188.0969,0.1347,,,,,,,
3.4276,18,-268,0,0,0.0286,0.4360,-0.0062,-25.9616,188.5329,0.1285,,,,,,,
3.4377,0,0,12,-285,0.0185,0.4431,0.0063,-26.0014,188.9746,0.1348,,,,,,,
3.4478,3,-215,6,-286,0.0140,0.7944,0.0014,-26.0948,189.7637,0.1362,,,,,,,
3.4578,7,-266,0,0,0.0111,0.4327,-0.0062,-26.1412,190.1941,0.1300,,,,,,,
3.4679,0,0,18,-280,0.0278,0.4353,0.0062,-26.1715,190.6292,0.1362,,,,,,,
3.4780,10,-229,5,-266,0.0236,0.7861,0.0006,-26.2551,191.4112,0.1368,,,,,,,
3.4855,,,,,,,,,,,-14.6950,195.9359,0.0529,0.6603,8.8754,-0.0038,1
3.4881,5,-237,0,0,0.0080,0.3856,-0.0055,-26.2988,191.7944,0.1313,,,,,,,
3.4982,0,0,20,-265,0.0308,0.4120,0.0059,-26.3234,192.2068,0.1372,,,,,,,
3.5084,30,-244,32,-240,0.0971,0.7701,-0.0003,-26.3324,192.9830,0.1369,,,,,,,
3.5184,27,-242,0,0,0.0429,0.3937,-0.0056,-26.3425,193.3789,0.1312,,,,,,,
3.5285,0,0,29,-253,0.0447,0.3934,0.0056,-26.3507,193.7747,0.1369,,,,,,,
3.5386,25,-237,0,0,0.0398,0.3856,-0.0055,-26.3629,194.1621,0.1313,,,,,,,
3.5487,0,0,28,-266,0.0432,0.4136,0.0059,-26.3755,194.5777,0.1373,,,,,,,
3.5587,21,-251,20,-263,0.0642,0.8172,0.0000,-26.4236,195.3961,0.1373,,,,,,,
3.5688,15,-239,0,0,0.0239,0.3888,-0.0056,-26.4521,195.7846,0.1317,,,,,,,
3.5789,0,0,11,-265,0.0170,0.4120,0.0059,-26.4906,196.1951,0.1376,,,,,,,
3.5890,24,-252,32,-262,0.0875,0.8173,-0.0000,-26.5160,197.0167,0.1376,,,,,,,
3.5990,23,-236,0,0,0.0366,0.3839,-0.0055,-26.5314,197.4021,0.1321,,,,,,,
3.6091,0,0,18,-240,0.0278,0.3731,0.0053,-26.5540,197.7756,0.1374,,,,,,,
3.6192,15,-217,0,0,0.0239,0.3530,-0.0050,-26.5778,198.1286,0.1324,,,,,,,
3.6293,0,0,10,-234,0.0154,0.3638,0.0052,-26.6115,198.4912,0.1376,,,,,,,
3.6388,,,,,,,,,,,-13.9242,204.9221,0.0481,1.2447,8.9328,-0.0048,1
3.6393,4,-231,37,-248,0.0634,0.7614,0.0001,-26.6531,199.2541,0.1377,,,,,,,
3.6494,39,-243,0,0,0.0620,0.3953,-0.0056,-26.6448,199.6541,0.1320,,,,,,,
3.6595,0,0,29,-242,0.0447,0.3763,0.0054,-26.6511,200.0330,0.1374,,,,,,,
3.6696,31,-242,25,-230,0.0879,0.7513,-0.0005,-26.6668,200.7892,0.1369,,,,,,,
3.6797,32,-263,0,0,0.0509,0.4279,-0.0061,-26.6734,201.2201,0.1308,,,,,,,
3.6897,0,0,38,-243,0.0586,0.3778,0.0054,-26.6656,201.6023,0.1362,,,,,,,
3.6998,0,0,0,0,0.0000,0.0000,0.0000,-26.6656,201.6023,0.1362,,,,,,,
3.7099,0,0,33,-248,0.0509,0.3856,0.0055,-26.6686,201.9912,0.1417,,,,,,,
3.7200,36,-246,30,-248,0.1035,0.7858,-0.0002,-26.6771,202.7838,0.1415,,,,,,,
3.7301,36,-259,0,0,0.0573,0.4214,-0.0060,-26.6785,203.2090,0.1355,,,,,,,
3.7401,0,0,23,-251,0.0355,0.3902,0.0056,-26.6972,203.6004,0.1410,,,,,,,
3.7502,48,-499,15,-254,0.0995,1.2067,-0.0060,-26.7647,204.8093,0.1351,,,,,,,
3.7603,22,-232,0,0,0.0350,0.3774,-0.0054,-26.7799,205.1880,0.1297,,,,,,,
3.7704,0,0,14,-249,0.0216,0.3871,0.0055,-26.8096,205.5746,0.1352,,,,,,,
3.7805,27,-262,27,-250,0.0846,0.8149,-0.0005,-26.8355,206.3935,0.1347,,,,,,,
3.7820,,,,,,,,,,,-12.3651,209.9345,0.0421,1.7985,4.9316,-0.0060,1
3.7905,28,-265,0,0,0.0445,0.4311,-0.0062,-26.8479,206.8268,0.1285,,,,,,,
3.8006,0,0,22,-289,0.0339,0.4493,0.0064,-26.8733,207.2767,0.1350,,,,,,,
3.8107,20,-274,0,0,0.0318,0.4458,-0.0064,-26.9003,207.7227,0.1286,,,,,,,
3.8208,0,0,12,-302,0.0185,0.4695,0.0067,-26.9437,208.1906,0.1353,,,,,,,
3.8309,10,-290,3,-307,0.0205,0.9491,0.0001,-27.0515,209.1338,0.1354,,,,,,,
3.8409,4,-288,0,0,0.0064,0.4685,-0.0067,-27.1068,209.5991,0.1287,,,,,,,
3.8510,0,0,1,-329,0.0015,0.5115,0.0073,-27.1728,210.1064,0.1360,,,,,,,
3.8611,0,-278,-3,-311,-0.0046,0.9358,0.0004,-27.3044,211.0329,0.1364,,,,,,,
3.8712,-8,-276,0,0,-0.0127,0.4490,-0.0064,-27.3767,211.4762,0.1300,,,,,,,
3.8813,0,0,-17,-325,-0.0262,0.5053,0.0072,-27.4700,211.9735,0.1372,,,,,,,
3.8914,-12,-259,0,0,-0.0191,0.4214,-0.0060,-27.5453,212.3885,0.1312,,,,,,,
3.9014,0,0,-15,-304,-0.0231,0.4726,0.0068,-27.6316,212.8538,0.1380,,,,,,,
3.9115,-3,-280,-2,-310,-0.0079,0.9375,0.0004,-27.7685,213.7813,0.1383,,,,,,,
3.9159,,,,,,,,,,,-12.1055,218.6650,0.0398,0.6271,8.7119,-0.0024,1
3.9216,9,-273,0,0,0.0143,0.4441,-0.0063,-27.8142,214.2233,0.1320,,,,,,,
3.9317,0,0,0,-314,0.0000,0.4882,0.0070,-27.8801,214.7070,0.1390,,,,,,,
3.9418,-4,-270,1,-320,-0.0048,0.9368,0.0008,-28.0151,215.6340,0.1398,,,,,,,
3.9519,3,-284,0,0,0.0048,0.4620,-0.0066,-28.0732,216.0924,0.1332,,,,,,,
3.9620,0,0,0,-319,0.0000,0.4960,0.0071,-28.1408,216.5837,0.1403,,,,,,,
3.9720,1,-223,0,0,0.0016,0.3628,-0.0052,-28.1891,216.9433,0.1351,,,,,,,
3.9821,0,0,-8,-314,-0.0123,0.4882,0.0070,-28.2687,217.4251,0.1421,,,,,,,
3.9922,4,-266,-1,-303,0.0048,0.9038,0.0005,-28.3922,218.3205,0.1426,,,,,,,
4.0023,7,-264,0,0,0.0111,0.4295,-0.0061,-28.4409,218.7473,0.1365,,,,,,,
4.0124,0,0,0,-295,0.0000,0.4587,0.0066,-28.5048,219.2015,0.1430,,,,,,,
4.0225,0,-236,-5,-289,-0.0077,0.8333,0.0009,-28.6316,220.0251,0.1440,,,,,,,
4.0325,7,-276,0,0,0.0111,0.4490,-0.0064,-28.6836,220.4712,0.1376,,,,,,,
4.0426,0,0,5,-281,0.0077,0.4369,0.0062,-28.7372,220.9049,0.1438,,,,,,,
4.0527,12,-265,4,-309,0.0253,0.9115,0.0007,-28.8432,221.8106,0.1445,,,,,,,
4.0628,4,-264,0,0,0.0064,0.4295,-0.0061,-28.8974,222.2367,0.1384,,,,,,,
4.0629,,,,,,,,,,,-11.8525,228.4365,0.0377,0.6412,9.7537,-0.0020,1
4.0729,0,0,0,-284,0.0000,0.4416,0.0063,-28.9597,222.6738,0.1447,,,,,,,
4.0829,13,-277,0,0,0.0207,0.4506,-0.0064,-29.0028,223.1229,0.1382,,,,,,,
4.0930,0,0,5,-302,0.0077,0.4695,0.0067,-29.0614,223.5888,0.1450,,,,,,,
4.1031,4,-254,0,-298,0.0064,0.8765,0.0007,-29.1820,224.4570,0.1457,,,,,,,
4.1132,8,-283,0,0,0.0127,0.4604,-0.0066,-29.2348,224.9146,0.1391,,,,,,,
4.1233,0,0,1,-297,0.0015,0.4618,0.0066,-29.2988,225.3719,0.1457,,,,,,,
4.1334,8,-275,-1,-324,0.0112,0.9511,0.0008,-29.4262,226.3145,0.1465,,,,,,,
4.1435,1,-260,0,0,0.0016,0.4230,-0.0060,-29.4851,226.7334,0.1405,,,,,,,
4.1535,0,0,-10,-306,-0.0154,0.4758,0.0068,-29.5686,227.2020,0.1472,,,,,,,
4.1636,-5,-268,0,0,-0.0080,0.4360,-0.0062,-29.6390,227.6323,0.1410,,,,,,,
4.1737,0,0,-5,-309,-0.0077,0.4804,0.0069,-29.7158,228.1066,0.1479,,,,,,,
4.1838,3,-271,0,-304,0.0048,0.9135,0.0005,-29.8459,229.0109,0.1483,,,,,,,
4.1938,3,-289,0,0,0.0048,0.4702,-0.0067,-29.9091,229.4768,0.1416,,,,,,,
4.2039,0,0,-1,-309,-0.0015,0.4804,0.0069,-29.9801,229.9519,0.1485,,,,,,,
4.2083,,,,,,,,,,,-11.9599,234.6407,0.0370,0.1268,6.2039,-0.0008,1
4.2140,6,-297,-1,-321,0.0080,0.9823,0.0002,-30.1176,230.9246,0.1487,,,,,,,
4.2241,-1,-286,0,0,-0.0016,0.4653,-0.0066,-30.1866,231.3847,0.1421,,,,,,,
4.2342,0,0,-7,-335,-0.0108,0.5208,0.0074,-30.2729,231.8984,0.1495,,,,,,,
4.2442,-5,-299,0,0,-0.0080,0.4864,-0.0069,-30.3516,232.3785,0.1426,,,,,,,
4.2543,0,0,-11,-336,-0.0170,0.5224,0.0075,-30.4445,232.8929,0.1500,,,,,,,
4.2644,-11,-293,-23,-384,-0.0530,1.0737,0.0017,-30.6583,233.9464,0.1517,,,,,,,
4.2745,-29,-324,0,0,-0.0461,0.5271,-0.0075,-30.7816,234.4610,0.1442,,,,,,,
4.2846,0,0,-46,-369,-0.0709,0.5737,0.0082,-30.9365,235.0179,0.1524,,,,,,,
4.2946,-33,-289,-45,-379,-0.1219,1.0594,0.0017,-31.2187,236.0463,0.1541,,,,,,,
4.3047,-31,-324,0,0,-0.0493,0.5271,-0.0075,-31.3464,236.5601,0.1466,,,,,,,
4.3148,0,0,-45,-403,-0.0694,0.6266,0.0090,-31.5093,237.1690,0.1555,,,,,,,
4.3249,-32,-306,-41,-375,-0.1141,1.0809,0.0012,-31.7901,238.2190,0.1567,,,,,,,
4.3349,-32,-312,0,0,-0.0509,0.5076,-0.0073,-31.9178,238.7129,0.1495,,,,,,,
4.3446,,,,,,,,,,,-12.8038,246.6665,0.0389,-0.3988,12.0487,0.0019,1
4.3450,0,0,-38,-382,-0.0586,0.5939,0.0085,-32.0666,239.2908,0.1580,,,,,,,
4.3551,-14,-262,0,0,-0.0223,0.4262,-0.0061,-32.1544,239.7085,0.1519,,,,,,,
4.3652,0,0,-37,-350,-0.0571,0.5442,0.0078,-32.2952,240.2372,0.1597,,,,,,,
4.3752,-30,-289,-37,-382,-0.1048,1.0641,0.0018,-32.5687,241.2709,0.1614,,,,,,,
4.3853,-23,-246,0,0,-0.0366,0.4002,-0.0057,-32.6680,241.6603,0.1557,,,,,,,
4.3954,0,0,-41,-365,-0.0632,0.5675,0.0081,-32.8207,242.2105,0.1638,,,,,,,
4.4055,-31,-287,-44,-351,-0.1171,1.0126,0.0011,-33.1020,243.1903,0.1649,,,,,,,
4.4156,-27,-288,0,0,-0.0429,0.4685,-0.0067,-33.2197,243.6458,0.1583,,,,,,,
4.4256,0,0,-43,-376,-0.0663,0.5846,0.0084,-33.3797,244.2120,0.1666,,,,,,,
4.4357,-24,-267,0,0,-0.0382,0.4344,-0.0062,-33.4881,244.6344,0.1604,,,,,,,
4.4458,0,0,-39,-364,-0.0601,0.5659,0.0081,-33.6401,245.1828,0.1685,,,,,,,
4.4559,-29,-303,-38,-355,-0.1047,1.0449,0.0008,-33.9189,246.1952,0.1693,,,,,,,
4.4660,-22,-296,0,0,-0.0350,0.4815,-0.0069,-34.0329,246.6644,0.1624,,,,,,,
4.4760,0,0,-37,-353,-0.0571,0.5488,0.0078,-34.1801,247.1962,0.1703,,,,,,,
4.4861,-27,-281,-37,-350,-0.1000,1.0013,0.0012,-34.4489,248.1659,0.1715,,,,,,,
4.4928,,,,,,,,,,,-13.6343,256.4188,0.0430,-0.4508,9.7772,0.0041,1
4.4962,-30,-288,0,0,-0.0477,0.4685,-0.0067,-34.5744,248.6198,0.1648,,,,,,,
4.5062,0,0,-33,-349,-0.0509,0.5426,0.0078,-34.7157,249.1462,0.1726,,,,,,,
4.5163,-17,-302,0,0,-0.0270,0.4913,-0.0070,-34.8250,249.6260,0.1656,,,,,,,
4.5264,0,0,-27,-351,-0.0416,0.5457,0.0078,-34.9581,250.1568,0.1734,,,,,,,
4.5365,-31,-283,-38,-352,-0.1079,1.0077,0.0012,-35.2388,251.1306,0.1746,,,,,,,
4.5465,-41,-297,0,0,-0.0652,0.4832,-0.0069,-35.3853,251.5956,0.1677,,,,,,,
4.5566,0,0,-45,-382,-0.0694,0.5939,0.0085,-35.5553,252.1689,0.1762,,,,,,,
4.5667,-25,-296,-39,-394,-0.0999,1.0941,0.0019,-35.8464,253.2283,0.1781,,,,,,,
4.5767,-28,-325,0,0,-0.0445,0.5287,-0.0076,-35.9820,253.7413,0.1705,,,,,,,
4.5868,0,0,-43,-382,-0.0663,0.5939,0.0085,-36.1505,254.3147,0.1790,,,,,,,
4.5969,-21,-317,-38,-401,-0.0920,1.1392,0.0015,-36.4447,255.4190,0.1805,,,,,,,
4.6070,-18,-308,0,0,-0.0286,0.5011,-0.0072,-36.5611,255.9072,0.1734,,,,,,,
4.6171,0,0,-35,-388,-0.0540,0.6032,0.0086,-36.7208,256.4914,0.1820,,,,,,,
4.6271,-30,-310,0,0,-0.0477,0.5043,-0.0072,-36.8573,256.9793,0.1748,,,,,,,
4.6372,0,0,-37,-376,-0.0571,0.5846,0.0084,-37.0175,257.5444,0.1831,,,,,,,
4.6419,,,,,,,,,,,-17.0846,266.8084,0.0500,-3.0002,10.5284,0.0070,1
4.6473,-33,-340,-46,-403,-0.1234,1.1797,0.0010,-37.3543,258.6817,0.1842,,,,,,,
4.6574,-40,-318,0,0,-0.0636,0.5173,-0.0074,-37.5097,259.1792,0.1768,,,,,,,
4.6674,0,0,-62,-408,-0.0956,0.6343,0.0091,-37.7182,259.7859,0.1859,,,,,,,
4.6775,-42,-314,-50,-382,-0.1439,1.1047,0.0012,-38.0643,260.8449,0.1870,,,,,,,
4.6876,-32,-304,0,0,-0.0509,0.4946,-0.0071,-38.2046,261.3218,0.1800,,,,,,,
4.6977,0,0,-39,-386,-0.0601,0.6001,0.0086,-38.3737,261.9008,0.1886,,,,,,,
4.7078,-32,-301,0,0,-0.0509,0.4897,-0.0070,-38.5138,262.3728,0.1816,,,,,,,
4.7179,0,0,-41,-373,-0.0632,0.5799,0.0083,-38.6830,262.9310,0.1898,,,,,,,
4.7279,-34,-307,-44,-391,-0.1219,1.1074,0.0015,-39.0126,263.9952,0.1914,,,,,,,
4.7380,-33,-331,0,0,-0.0525,0.5385,-0.0077,-39.1645,264.5145,0.1837,,,,,,,
4.7481,0,0,-46,-378,-0.0709,0.5877,0.0084,-39.3440,265.0786,0.1921,,,,,,,
4.7581,-41,-336,-54,-404,-0.1485,1.1747,0.0012,-39.7147,266.2032,0.1933,,,,,,,
4.7682,-44,-319,0,0,-0.0700,0.5190,-0.0074,-39.8812,266.6997,0.1858,,,,,,,
4.7765,,,,,,,,,,,-18.4901,275.5145,0.0574,-0.9683,8.7655,0.0074,1
4.7783,0,0,-48,-395,-0.0740,0.6141,0.0088,-40.0700,267.2887,0.1946,,,,,,,
4.7884,-40,-303,0,0,-0.0636,0.4929,-0.0070,-40.2260,267.7606,0.1876,,,,,,,
4.7986,0,0,-58,-368,-0.0894,0.5721,0.0082,-40.4228,268.3052,0.1957,,,,,,,
4.8086,-53,-322,-63,-383,-0.1814,1.1193,0.0010,-40.8191,269.3677,0.1968,,,,,,,
4.8187,-46,-329,0,0,-0.0732,0.5352,-0.0076,-40.9935,269.8790,0.1891,,,,,,,
4.8288,0,0,-71,-442,-0.1095,0.6872,0.0098,-41.2334,270.5322,0.1989,,,,,,,
4.8389,-49,-312,-73,-424,-0.1905,1.1668,0.0022,-41.6520,271.6378,0.2011,,,,,,,
4.8489,-43,-311,0,0,-0.0684,0.5060,-0.0072,-41.8183,272.1205,0.1939,,,,,,,
4.8590,0,0,-44,-374,-0.0679,0.5815,0.0083,-41.9992,272.6773,0.2022,,,,,,,
4.8691,-36,-301,-51,-374,-0.1359,1.0712,0.0013,-42.3481,273.6991,0.2035,,,,,,,
4.8792,-38,-302,0,0,-0.0604,0.4913,-0.0070,-42.5049,274.1686,0.1965,,,,,,,
4.8893,0,0,-49,-386,-0.0756,0.6001,0.0086,-42.6987,274.7417,0.2051,,,,,,,
4.8993,-29,-291,0,0,-0.0461,0.4734,-0.0068,-42.8387,275.1962,0.1983,,,,,,,
4.9094,0,0,-62,-414,-0.0956,0.6437,0.0092,-43.0620,275.8074,0.2075,,,,,,,
4.9195,-46,-284,-88,-403,-0.2089,1.0886,0.0024,-43.4918,276.8292,0.2098,,,,,,,
4.9248,,,,,,,,,,,-18.8796,288.1349,0.0650,0.3355,12.6220,0.0076,1
4.9296,-39,-214,0,0,-0.0620,0.3481,-0.0050,-43.6242,277.1571,0.2049,,,,,,,
4.9396,0,0,-85,-412,-0.1311,0.6406,0.0092,-43.8856,277.7564,0.2140,,,,,,,
4.9497,-20,-287,-43,-385,-0.0981,1.0655,0.0019,-44.2087,278.7764,0.2159,,,,,,,
4.9598,-29,-293,0,0,-0.0461,0.4767,-0.0068,-44.3543,279.2326,0.2091,,,,,,,
4.9699,0,0,-50,-369,-0.0771,0.5737,0.0082,-44.5511,279.7771,0.2173,,,,,,,
4.9799,-39,-179,0,0,-0.0620,0.2912,-0.0042,-44.6739,280.0483,0.2131,,,,,,,
4.9900,0,0,-61,-402,-0.0941,0.6250,0.0089,-44.9006,280.6383,0.2221,,,,,,,
5.0001,-64,-344,-74,-445,-0.2159,1.2515,0.0019,-45.3879,281.8110,0.2239,,,,,,,
5.0102,-64,-301,0,0,-0.1018,0.4897,-0.0070,-45.5943,282.2666,0.2169,,,,,,,
5.0203,0,0,-72,-424,-0.1110,0.6592,0.0094,-45.8476,282.8853,0.2264,,,,,,,
5.0304,-56,-323,-69,-420,-0.1955,1.1785,0.0018,-46.3035,283.9894,0.2282,,,,,,,
5.0405,-52,-309,0,0,-0.0827,0.5027,-0.0072,-46.4961,284.4611,0.2210,,,,,,,
5.0505,0,0,-66,-387,-0.1018,0.6017,0.0086,-46.7297,285.0248,0.2296,,,,,,,
5.0606,-56,-300,-76,-413,-0.2063,1.1302,0.0022,-47.1889,286.0779,0.2318,,,,,,,
5.0707,-57,-328,0,0,-0.0906,0.5336,-0.0076,-47.3978,286.5772,0.2242,,,,,,,
5.0726,,,,,,,,,,,-22.7041,297.4338,0.0772,-3.2121,9.5278,0.0122,1
5.0807,0,0,-70,-419,-0.1079,0.6514,0.0093,-47.6507,287.1872,0.2335,,,,,,,
5.0908,-58,-349,0,0,-0.0922,0.5678,-0.0081,-47.8697,287.7191,0.2254,,,,,,,
5.1009,0,0,-82,-449,-0.1264,0.6981,0.0100,-48.1522,288.3699,0.2353,,,,,,,
5.1110,-64,-334,-74,-434,-0.2159,1.2181,0.0019,-48.6472,289.5036,0.2372,,,,,,,
5.1210,-50,-333,0,0,-0.0795,0.5417,-0.0077,-48.8499,290.0123,0.2295,,,,,,,
5.1311,0,0,-56,-389,-0.0864,0.6048,0.0086,-49.0740,290.5806,0.2381,,,,,,,
5.1412,-47,-298,-41,-362,-0.1380,1.0476,0.0011,-49.4557,291.5660,0.2392,,,,,,,
5.1513,-36,-318,0,0,-0.0573,0.5173,-0.0074,-49.6321,292.0557,0.2318,,,,,,,
5.1613,0,0,-51,-406,-0.0786,0.6312,0.0090,-49.8564,292.6509,0.2409,,,,,,,
5.1715,-54,-336,0,0,-0.0859,0.5466,-0.0078,-50.0682,293.1621,0.2331,,,,,,,
5.1815,0,0,-79,-448,-0.1218,0.6965,0.0100,-50.3508,293.8103,0.2430,,,,,,,
5.1916,-61,-332,-77,-428,-0.2157,1.2056,0.0018,-50.8513,294.9280,0.2448,,,,,,,
5.2017,-53,-328,0,0,-0.0843,0.5336,-0.0076,-51.0605,295.4261,0.2372,,,,,,,
5.2072,,,,,,,,,,,-24.5202,306.9678,0.0877,-1.0756,9.6456,0.0105,1
5.2118,0,0,-63,-394,-0.0971,0.6126,0.0088,-51.3013,295.9977,0.2459,,,,,,,
5.2218,-33,-301,-47,-380,-0.1250,1.0805,0.0014,-51.6863,297.0150,0.2474,,,,,,,
5.2319,-48,-314,0,0,-0.0763,0.5108,-0.0073,-51.8837,297.4923,0.2401,,,,,,,
5.2420,0,0,-59,-403,-0.0910,0.6266,0.0090,-52.1236,298.0782,0.2490,,,,,,,
5.2521,-56,-309,0,0,-0.0891,0.5027,-0.0072,-52.3322,298.5442,0.2418,,,,,,,
5.2622,0,0,-69,-399,-0.1064,0.6203,0.0089,-52.5866,299.1199,0.2507,,,,,,,
5.2722,-66,-322,-77,-432,-0.2237,1.1955,0.0021,-53.1010,300.2220,0.2528,,,,,,,
5.2823,-53,-315,0,0,-0.0843,0.5125,-0.0073,-53.3091,300.6978,0.2455,,,,,,,
5.2924,0,0,-72,-428,-0.1110,0.6654,0.0095,-53.5814,301.3150,0.2550,,,,,,,
5.3025,-72,-333,-77,-401,-0.2332,1.1652,0.0012,-54.1017,302.3834,0.2562,,,,,,,
5.3126,-62,-284,0,0,-0.0986,0.4620,-0.0066,-54.3127,302.8061,0.2496,,,,,,,
5.3226,0,0,-60,-366,-0.0925,0.5690,0.0081,-54.5451,303.3337,0.2577,,,,,,,
5.3327,-53,-327,-74,-407,-0.1984,1.1648,0.0014,-55.0345,304.4091,0.2591,,,,,,,
5.3428,-63,-328,0,0,-0.1002,0.5336,-0.0076,-55.2662,304.9001,0.2515,,,,,,,
5.3529,0,0,-87,-442,-0.1342,0.6872,0.0098,-55.5703,305.5308,0.2613,,,,,,,
5.3534,,,,,,,,,,,-25.9393,319.3444,0.0964,-0.3300,12.4533,0.0087,1
5.3630,-56,-302,0,0,-0.0891,0.4913,-0.0070,-55.7817,305.9832,0.2543,,,,,,,
5.3730,0,0,-85,-437,-0.1311,0.6794,0.0097,-56.0825,306.6063,0.2640,,,,,,,
5.3831,-61,-331,-77,-409,-0.2157,1.1744,0.0014,-56.5980,307.6833,0.2654,,,,,,,
5.3932,-60,-317,0,0,-0.0954,0.5157,-0.0074,-56.8236,308.1568,0.2580,,,,,,,
5.4033,0,0,-71,-414,-0.1095,0.6437,0.0092,-57.0964,308.7500,0.2672,,,,,,,
5.4134,-49,-293,-59,-395,-0.1689,1.0908,0.0020,-57.5484,309.7570,0.2692,,,,,,,
5.4234,-64,-334,0,0,-0.1018,0.5434,-0.0078,-57.7891,310.2547,0.2614,,,,,,,
5.4335,0,0,-75,-419,-0.1157,0.6514,0.0093,-58.0720,310.8528,0.2707,,,,,,,
5.4436,-83,-319,0,0,-0.1320,0.5190,-0.0074,-58.3362,311.3185,0.2633,,,,,,,
5.4537,0,0,-84,-414,-0.1295,0.6437,0.0092,-58.6315,311.9049,0.2725,,,,,,,
5.4638,-66,-317,-80,-436,-0.2283,1.1936,0.0023,-59.1740,312.9924,0.2748,,,,,,,
5.4738,-61,-317,0,0,-0.0970,0.5157,-0.0074,-59.4055,313.4633,0.2675,,,,,,,
5.4839,0,0,-66,-400,-0.1018,0.6219,0.0089,-59.6706,314.0350,0.2764,,,,,,,
5.4940,-36,-294,-45,-395,-0.1266,1.0924,0.0019,-60.0915,315.0510,0.2783,,,,,,,
5.5041,-26,-317,0,0,-0.0413,0.5157,-0.0074,-60.2712,315.5362,0.2709,,,,,,,
5.5044,,,,,,,,,,,-29.1121,328.9411,0.1104,-2.2346,9.8575,0.0140,1
5.5141,0,0,-45,-400,-0.0694,0.6219,0.0089,-60.5070,316.1158,0.2798,,,,,,,
5.5242,-67,-356,0,0,-0.1065,0.5792,-0.0083,-60.7672,316.6441,0.2715,,,,,,,
5.5343,0,0,-84,-439,-0.1295,0.6825,0.0098,-61.0781,317.2654,0.2813,,,,,,,
5.5444,-58,-339,-59,-404,-0.1832,1.1796,0.0011,-61.5822,318.3475,0.2824,,,,,,,
5.5545,-45,-319,0,0,-0.0716,0.5190,-0.0074,-61.7937,318.8268,0.2750,,,,,,,
5.5645,0,0,-63,-399,-0.0971,0.6203,0.0089,-62.0582,319.3963,0.2838,,,,,,,
5.5746,-59,-317,-65,-381,-0.1941,1.1081,0.0011,-62.5553,320.4054,0.2849,,,,,,,
5.5847,-43,-304,0,0,-0.0684,0.4946,-0.0071,-62.7584,320.8615,0.2779,,,,,,,
5.5948,0,0,-43,-382,-0.0663,0.5939,0.0085,-62.9874,321.4135,0.2863,,,,,,,
5.6049,-36,-327,-53,-415,-0.1390,1.1772,0.0016,-63.4541,322.5031,0.2880,,,,,,,
5.6149,-63,-333,0,0,-0.1002,0.5417,-0.0077,-63.7021,322.9951,0.2802,,,,,,,
5.6250,0,0,-84,-434,-0.1295,0.6748,0.0096,-64.0162,323.6062,0.2899,,,,,,,
5.6351,-78,-328,0,0,-0.1240,0.5336,-0.0076,-64.2857,324.0831,0.2822,,,,,,,
5.6393,,,,,,,,,,,-31.1551,339.4250,0.1217,-0.8759,10.6452,0.0113,1
5.6452,0,0,-69,-429,-0.1064,0.6670,0.0095,-64.5766,324.6927,0.2918,,,,,,,
5.6553,-57,-335,-63,-412,-0.1878,1.1856,0.0014,-65.0982,325.7738,0.2931,,,,,,,
5.6653,-50,-318,0,0,-0.0795,0.5173,-0.0074,-65.3221,326.2469,0.2857,,,,,,,
5.6754,0,0,-57,-385,-0.0879,0.5986,0.0086,-65.5775,326.7953,0.2943,,,,,,,
5.6855,-44,-301,-53,-389,-0.1517,1.0945,0.0016,-66.0410,327.7984,0.2959,,,,,,,
5.6956,-50,-268,0,0,-0.0795,0.4360,-0.0062,-66.2430,328.1929,0.2897,,,,,,,
5.7057,0,0,-82,-424,-0.1264,0.6592,0.0094,-66.5553,328.7870,0.2991,,,,,,,
5.7157,-72,-330,0,0,-0.1145,0.5369,-0.0077,-66.8210,329.2673,0.2915,,,,,,,
5.7258,0,0,-75,-423,-0.1157,0.6577,0.0094,-67.1236,329.8626,0.3009,,,,,,,
5.7359,-63,-338,-79,-417,-0.2220,1.1982,0.0014,-67.6915,330.9408,0.3023,,,,,,,
5.7460,-47,-295,0,0,-0.0747,0.4799,-0.0069,-67.9042,331.3774,0.2954,,,,,,,
5.7560,0,0,-59,-365,-0.0910,0.5675,0.0081,-68.1585,331.8928,0.3035,,,,,,,
5.7661,-22,-310,-46,-405,-0.1059,1.1340,0.0018,-68.5995,332.9430,0.3053,,,,,,,
5.7762,-43,-336,0,0,-0.0684,0.5466,-0.0078,-68.8270,333.4446,0.2975,,,,,,,
5.7854,,,,,,,,,,,-34.8238,349.4671,0.1330,-2.4230,10.4131,0.0113,1
5.7863,0,0,-58,-401,-0.0894,0.6235,0.0089,-69.0978,334.0133,0.3064,,,,,,,
5.7964,-59,-341,0,0,-0.0938,0.5548,-0.0079,-69.3526,334.5149,0.2985,,,,,,,
5.8064,0,0,-82,-426,-0.1264,0.6623,0.0095,-69.6711,335.1093,0.3079,,,,,,,
5.8165,-56,-344,-79,-432,-0.2109,1.2313,0.0016,-70.2461,336.2183,0.3095,,,,,,,
5.8266,-75,-321,0,0,-0.1193,0.5222,-0.0075,-70.5171,336.6804,0.3021,,,,,,,
5.8367,0,0,-78,-391,-0.1203,0.6079,0.0087,-70.8151,337.2237,0.3108,,,,,,,
5.8468,-50,-307,-51,-366,-0.1582,1.0685,0.0010,-71.2929,338.1924,0.3118,,,,,,,
5.8568,-37,-335,0,0,-0.0588,0.5450,-0.0078,-71.5142,338.6939,0.3040,,,,,,,
5.8669,0,0,-50,-394,-0.0771,0.6126,0.0088,-71.7735,339.2542,0.3127,,,,,,,
5.8770,-57,-308,-84,-435,-0.2202,1.1774,0.0025,-72.3466,340.3060,0.3152,,,,,,,
5.8871,-67,-329,0,0,-0.1065,0.5352,-0.0076,-72.6120,340.7829,0.3076,,,,,,,
5.8971,0,0,-79,-437,-0.1218,0.6794,0.0097,-72.9368,341.3920,0.3173,,,,,,,
5.9072,-75,-308,0,0,-0.1193,0.5011,-0.0072,-73.2048,341.8318,0.3101,,,,,,,
5.9173,0,0,-71,-409,-0.1095,0.6359,0.0091,-73.5058,342.4026,0.3192,,,,,,,
5.9190,,,,,,,,,,,-37.8728,360.9327,0.1439,-1.5018,11.7686,0.0109,1
5.9274,-56,-269,-66,-427,-0.1908,1.1015,0.0032,-74.0342,343.3877,0.3224,,,,,,,
5.9375,-38,-319,0,0,-0.0604,0.5190,-0.0074,-74.2542,343.8616,0.3150,,,,,,,
5.9475,0,0,-49,-394,-0.0756,0.6126,0.0088,-74.5183,344.4194,0.3238,,,,,,,
5.9576,-49,-271,-79,-409,-0.1997,1.0768,0.0028,-75.0516,345.3760,0.3266,,,,,,,
5.9677,-69,-308,0,0,-0.1097,0.5011,-0.0072,-75.3147,345.8163,0.3194,,,,,,,
5.9778,0,0,-80,-452,-0.1234,0.7027,0.0100,-75.6556,346.4431,0.3294,,,,,,,
5.9879,-48,-274,0,0,-0.0763,0.4458,-0.0064,-75.8708,346.8409,0.3231,,,,,,,
5.9979,0,0,-77,-445,-0.1187,0.6919,0.0099,-76.2061,347.4576,0.3330,,,,,,,
6.0080,-45,-276,-68,-384,-0.1764,1.0460,0.0021,-76.7157,348.3880,0.3351,,,,,,,
6.0182,-56,-325,0,0,-0.0891,0.5287,-0.0076,-76.9719,348.8590,0.3275,,,,,,,
6.0283,0,0,-47,-395,-0.0725,0.6141,0.0088,-77.2406,349.4160,0.3363,,,,,,,
6.0383,-36,-325,-50,-404,-0.1344,1.1568,0.0014,-77.7499,350.4633,0.3377,,,,,,,
6.0484,-48,-317,0,0,-0.0763,0.5157,-0.0074,-77.9911,350.9255,0.3304,,,,,,,
6.0585,0,0,-71,-417,-0.1095,0.6483,0.0093,-78.3076,351.5018,0.3396,,,,,,,
6.0684,,,,,,,,,,,-40.9071,371.1645,0.1553,-1.5357,10.5612,0.0114,1
6.0686,-61,-341,0,0,-0.0970,0.5548,-0.0079,-78.5819,351.9936,0.3317,,,,,,,
6.0787,0,0,-73,-432,-0.1126,0.6717,0.0096,-78.9100,352.5905,0.3413,,,,,,,
6.0887,-54,-312,-81,-406,-0.2108,1.1388,0.0018,-79.4906,353.5925,0.3431,,,,,,,
6.0988,-67,-308,0,0,-0.1065,0.5011,-0.0072,-79.7580,354.0295,0.3359,,,,,,,
6.1089,0,0,-68,-387,-0.1049,0.6017,0.0086,-80.0576,354.5618,0.3445,,,,,,,
6.1190,-41,-319,-50,-420,-0.1423,1.1720,0.0019,-80.5883,355.6163,0.3464,,,,,,,
6.1291,-45,-324,0,0,-0.0716,0.5271,-0.0075,-80.8328,356.0887,0.3389,,,,,,,
6.1391,0,0,-63,-388,-0.0971,0.6032,0.0086,-81.1273,356.6241,0.3475,,,,,,,
6.1492,-58,-326,-75,-407,-0.2079,1.1631,0.0015,-81.7196,357.6465,0.3490,,,,,,,
6.1593,-61,-324,0,0,-0.0970,0.5271,-0.0075,-81.9892,358.1097,0.3414,,,,,,,
6.1694,0,0,-81,-426,-0.1249,0.6623,0.0095,-82.3314,358.6903,0.3509,,,,,,,
6.1795,-71,-322,0,0,-0.1129,0.5238,-0.0075,-82.6158,359.1445,0.3434,,,,,,,
6.1895,0,0,-78,-420,-0.1203,0.6530,0.0093,-82.9516,359.7173,0.3527,,,,,,,
6.1996,-61,-310,-68,-417,-0.2019,1.1527,0.0021,-83.5403,360.7287,0.3548,,,,,,,
6.2097,-47,-310,0,0,-0.0747,0.5043,-0.0072,-83.7840,361.1765,0.3476,,,,,,,
6.2164,,,,,,,,,,,-43.9085,381.5709,0.1666,-1.3558,10.7454,0.0113,1
6.2198,0,0,-66,-393,-0.1018,0.6110,0.0087,-84.0901,361.7150,0.3563,,,,,,,
6.2299,-64,-284,-80,-388,-0.2251,1.0653,0.0020,-84.6737,362.6342,0.3583,,,,,,,
6.2399,-52,-297,0,0,-0.0827,0.4832,-0.0069,-84.9191,363.0586,0.3514,,,,,,,
6.2500,0,0,-83,-464,-0.1280,0.7214,0.0103,-85.2909,363.6899,0.3617,,,,,,,
6.2601,-72,-303,0,0,-0.1145,0.4929,-0.0070,-85.5709,364.1114,0.3547,,,,,,,
6.2702,0,0,-92,-457,-0.1419,0.7105,0.0102,-85.9538,364.7265,0.3648,,,,,,,
6.2802,-19,-123,-74,-394,-0.1443,0.8127,0.0059,-86.3807,365.4330,0.3707,,,,,,,
6.2903,-65,-296,0,0,-0.1034,0.4815,-0.0069,-86.6501,365.8453,0.3639,,,,,,,
6.3004,0,0,-53,-394,-0.0817,0.6126,0.0088,-86.9469,366.3874,0.3726,,,,,,,
6.3105,-53,-302,-67,-400,-0.1876,1.1132,0.0019,-87.5278,367.3554,0.3745,,,,,,,
6.3206,-56,-328,0,0,-0.0891,0.5336,-0.0076,-87.8041,367.8205,0.3668,,,,,,,
6.3306,0,0,-85,-449,-0.1311,0.6981,0.0100,-88.1798,368.4232,0.3768,,,,,,,
6.3407,-64,-329,0,0,-0.1018,0.5352,-0.0076,-88.4696,368.8846,0.3692,,,,,,,
6.3507,,,,,,,,,,,-47.0357,391.6649,0.1791,-1.4099,10.4728,0.0125,1
6.3509,-62,-245,-82,-434,-0.2250,1.0733,0.0039,-89.0686,369.8032,0.3731,,,,,,,
6.3610,0,0,-90,-408,-0.1388,0.6343,0.0091,-89.4315,370.3417,0.3822,,,,,,,
6.3710,-59,-336,0,0,-0.0938,0.5466,-0.0078,-89.7206,370.8150,0.3744,,,,,,,
6.3811,0,0,-45,-392,-0.0694,0.6095,0.0087,-90.0104,371.3556,0.3831,,,,,,,
6.3912,-29,-316,-49,-378,-0.1217,1.1018,0.0011,-90.5356,372.3318,0.3841,,,,,,,
6.4012,-31,-297,0,0,-0.0493,0.4832,-0.0069,-90.7609,372.7621,0.3772,,,,,,,
6.4113,0,0,-63,-406,-0.0971,0.6312,0.0090,-91.0862,373.3117,0.3862,,,,,,,
6.4214,-60,-312,-80,-443,-0.2188,1.1963,0.0026,-91.7409,374.3366,0.3888,,,,,,,
6.4315,-62,-343,0,0,-0.0986,0.5580,-0.0080,-92.0418,374.8168,0.3809,,,,,,,
6.4415,0,0,-76,-426,-0.1172,0.6623,0.0095,-92.3995,375.3864,0.3903,,,,,,,
6.4516,-57,-342,0,0,-0.0906,0.5564,-0.0079,-92.6931,375.8676,0.3824,,,,,,,
6.4617,0,0,-65,-406,-0.1002,0.6312,0.0090,-93.0241,376.4144,0.3914,,,,,,,
6.4718,-41,-328,-44,-363,-0.1331,1.0980,0.0004,-93.5661,377.3784,0.3918,,,,,,,
6.4818,-55,-299,0,0,-0.0875,0.4864,-0.0069,-93.8313,377.7955,0.3849,,,,,,,
6.4919,0,0,-61,-381,-0.0941,0.5924,0.0085,-94.1430,378.3079,0.3933,,,,,,,
6.4973,,,,,,,,,,,-50.7132,402.0587,0.1903,-1.7673,10.8826,0.0112,1
6.5020,-39,-290,-69,-419,-0.1684,1.1232,0.0026,-94.7304,379.2801,0.3959,,,,,,,
6.5121,-45,-284,0,0,-0.0716,0.4620,-0.0066,-94.9733,379.6796,0.3893,,,,,,,
6.5221,0,0,-90,-454,-0.1388,0.7059,0.0101,-95.3726,380.2779,0.3994,,,,,,,
6.5322,-66,-338,0,0,-0.1050,0.5499,-0.0079,-95.6813,380.7449,0.3915,,,,,,,
6.5423,0,0,-73,-381,-0.1126,0.5924,0.0085,-96.0135,381.2481,0.4000,,,,,,,
6.5523,-60,-316,-53,-383,-0.1771,1.1096,0.0012,-96.6093,382.2007,0.4012,,,,,,,
6.5624,-53,-318,0,0,-0.0843,0.5173,-0.0074,-96.8873,382.6451,0.3938,,,,,,,
6.5725,0,0,-53,-356,-0.0817,0.5535,0.0079,-97.1770,383.1238,0.4017,,,,,,,
6.5826,-42,-297,-47,-368,-0.1393,1.0553,0.0013,-97.7184,384.0403,0.4030,,,,,,,
6.5926,-50,-318,0,0,-0.0795,0.5173,-0.0074,-97.9927,384.4860,0.3956,,,,,,,
6.6028,0,0,-76,-409,-0.1172,0.6359,0.0091,-98.3484,385.0261,0.4046,,,,,,,
6.6129,-71,-313,0,0,-0.1129,0.5092,-0.0073,-98.6511,385.4508,0.3974,,,,,,,
6.6229,-70,-320,-89,-391,-0.2486,1.1285,0.0012,-99.3176,386.3948,0.3986,,,,,,,
6.6330,0,0,-61,-403,-0.0941,0.6266,0.0090,-99.6499,386.9342,0.4076,,,,,,,
6.6431,-39,-320,0,0,-0.0620,0.5206,-0.0074,-99.9115,387.3885,0.4001,,,,,,,
6.6460,,,,,,,,,,,-54.5926,411.9694,0.2019,-1.9351,10.4656,0.0117,1
6.6531,0,0,-41,-358,-0.0632,0.5566,0.0080,-100.1885,387.8755,0.4081,,,,,,,
6.6632,-41,-267,-50,-360,-0.1423,0.9941,0.0018,-100.7144,388.7310,0.4099,,,,,,,
6.6734,-29,-267,0,0,-0.0461,0.4344,-0.0062,-100.9286,389.1116,0.4037,,,,,,,
6.6835,0,0,-54,-370,-0.0833,0.5753,0.0082,-101.2332,389.6067,0.4119,,,,,,,
6.6936,-47,-333,0,0,-0.0747,0.5417,-0.0077,-101.5168,390.0743,0.4041,,,,,,,
6.7036,-37,-262,0,0,-0.0588,0.4262,-0.0061,-101.7373,390.4438,0.3981,,,,,,,
6.7137,0,0,-68,-412,-0.1049,0.6406,0.0092,-102.0848,390.9920,0.4072,,,,,,,
6.7238,-37,-327,0,0,-0.0588,0.5320,-0.0076,-102.3478,391.4582,0.3996,,,,,,,
6.7339,0,0,-69,-412,-0.1064,0.6406,0.0092,-102.6975,392.0053,0.4088,,,,,,,
6.7439,-42,-322,-95,-716,-0.2133,1.6371,0.0084,-103.5499,393.4191,0.4172,,,,,,,
6.7540,-51,-302,0,0,-0.0811,0.4913,-0.0070,-103.8216,393.8364,0.4102,,,,,,,
6.7641,0,0,-59,-383,-0.0910,0.5955,0.0085,-104.1447,394.3448,0.4187,,,,,,,
6.7742,-45,-340,-72,-443,-0.1826,1.2419,0.0019,-104.8174,395.4046,0.4206,,,,,,,
6.7800,,,,,,,,,,,-57.3177,422.4826,0.2118,-0.5612,10.8462,0.0099,1
6.7842,-56,-334,0,0,-0.0891,0.5434,-0.0078,-105.1188,395.8654,0.4128,,,,,,,
6.7943,0,0,-81,-414,-0.1249,0.6437,0.0092,-105.4939,396.4031,0.4220,,,,,,,
6.8044,-70,-314,0,0,-0.1113,0.5108,-0.0073,-105.8032,396.8247,0.4147,,,,,,,
6.8145,0,0,-55,-405,-0.0848,0.6297,0.0090,-106.1370,397.3653,0.4237,,,,,,,
6.8246,-37,-354,-39,-379,-0.1190,1.1652,0.0002,-106.7246,398.3784,0.4239,,,,,,,
6.8347,-32,-310,0,0,-0.0509,0.5043,-0.0072,-106.9769,398.8181,0.4167,,,,,,,
6.8447,0,0,-60,-416,-0.0925,0.6468,0.0092,-107.3258,399.3705,0.4260,,,,,,,
6.8548,-51,-347,-66,-433,-0.1829,1.2377,0.0016,-108.0046,400.4215,0.4275,,,,,,,
6.8648,-66,-323,0,0,-0.1050,0.5255,-0.0075,-108.3163,400.8573,0.4200,,,,,,,
6.8749,0,0,-85,-423,-0.1311,0.6577,0.0094,-108.7068,401.4026,0.4294,,,,,,,
6.8850,-68,-317,-72,-419,-0.2192,1.1672,0.0019,-109.3929,402.3719,0.4313,,,,,,,
6.8951,-35,-331,0,0,-0.0557,0.5385,-0.0077,-109.6668,402.8388,0.4237,,,,,,,
6.9052,0,0,-49,-411,-0.0756,0.6390,0.0091,-110.0009,403.3887,0.4328,,,,,,,
6.9152,-42,-307,0,0,-0.0668,0.4994,-0.0071,-110.2695,403.8151,0.4256,,,,,,,
6.9253,0,0,-51,-376,-0.0786,0.5846,0.0084,-110.5846,404.3137,0.4340,,,,,,,
6.9284,,,,,,,,,,,-61.0729,433.3857,0.2219,-1.3788,11.4489,0.0101,1
6.9354,-36,-305,-38,-395,-0.1158,1.1103,0.0017,-111.1574,405.2719,0.4357,,,,,,,
6.9455,-34,-336,0,0,-0.0541,0.5466,-0.0078,-111.4352,405.7457,0.4279,,,,,,,
6.9556,0,0,-54,-416,-0.0833,0.6468,0.0092,-111.7819,406.2981,0.4371,,,,,,,
6.9656,-58,-326,-67,-411,-0.1956,1.1694,0.0016,-112.4549,407.2742,0.4387,,,,,,,
6.9757,-53,-321,0,0,-0.0843,0.5222,-0.0075,-112.7513,407.7123,0.4312,,,,,,,
6.9858,0,0,-54,-403,-0.0833,0.6266,0.0090,-113.0912,408.2452,0.4402,,,,,,,
6.9959,-37,-318,0,0,-0.0588,0.5173,-0.0074,-113.3633,408.6891,0.4328,,,,,,,
7.0059,0,0,-52,-370,-0.0802,0.5753,0.0082,-113.6793,409.1764,0.4410,,,,,,,
7.0161,-34,-290,-42,-369,-0.1188,1.0455,0.0015,-114.2337,410.0708,0.4424,,,,,,,
7.0261,-29,-338,0,0,-0.0461,0.5499,-0.0079,-114.5089,410.5490,0.4346,,,,,,,
7.0362,0,0,-52,-419,-0.0802,0.6514,0.0093,-114.8585,411.1046,0.4439,,,,,,,
7.0463,-63,-309,-78,-392,-0.2205,1.1122,0.0015,-115.5359,412.0137,0.4454,,,,,,,
7.0564,-54,-304,0,0,-0.0859,0.4946,-0.0071,-115.8250,412.4241,0.4383,,,,,,,
7.0664,0,0,-51,-390,-0.0786,0.6064,0.0087,-116.1559,412.9383,0.4470,,,,,,,
7.0730,,,,,,,,,,,-63.2206,443.6696,0.2291,0.1684,10.5044,0.0072,1
7.0765,-40,-336,0,0,-0.0636,0.5466,-0.0078,-116.4477,413.4049,0.4392,,,,,,,
7.0866,0,0,-52,-403,-0.0802,0.6266,0.0090,-116.7891,413.9363,0.4482,,,,,,,
7.0967,-55,-287,-63,-397,-0.1846,1.0841,0.0021,-117.4262,414.8327,0.4503,,,,,,,
7.1067,-36,-309,0,0,-0.0573,0.5027,-0.0072,-117.6950,415.2614,0.4431,,,,,,,
7.1168,0,0,-38,-364,-0.0586,0.5659,0.0081,-117.9925,415.7463,0.4512,,,,,,,
7.1269,-36,-316,-60,-402,-0.1498,1.1391,0.0016,-118.6248,416.7056,0.4528,,,,,,,
7.1370,-46,-286,0,0,-0.0732,0.4653,-0.0066,-118.8928,417.0929,0.4461,,,,,,,
7.1470,0,0,-82,-411,-0.1264,0.6390,0.0091,-119.2850,417.6130,0.4553,,,,,,,
7.1572,-44,-305,-60,-428,-0.1625,1.1616,0.0024,-119.9429,418.5841,0.4577,,,,,,,
7.1673,-44,-361,0,0,-0.0700,0.5873,-0.0084,-120.2631,419.0814,0.4493,,,,,,,
7.1773,0,0,-60,-403,-0.0925,0.6266,0.0090,-120.6209,419.6040,0.4582,,,,,,,
7.1874,-39,-268,0,0,-0.0620,0.4360,-0.0062,-120.8683,419.9683,0.4520,,,,,,,
7.1975,0,0,-39,-363,-0.0601,0.5644,0.0081,-121.1708,420.4485,0.4601,,,,,,,
7.2076,-20,-334,-37,-371,-0.0889,1.1202,0.0005,-121.7481,421.4126,0.4606,,,,,,,
7.2079,,,,,,,,,,,-67.3323,453.9776,0.2385,-1.6638,10.9724,0.0094,1
7.2176,-43,-333,0,0,-0.0684,0.5417,-0.0077,-122.0483,421.8687,0.4528,,,,,,,
7.2277,0,0,-61,-414,-0.0941,0.6437,0.0092,-122.4170,422.4047,0.4620,,,,,,,
7.2378,-43,-320,-60,-412,-0.1609,1.1612,0.0017,-123.0794,423.3718,0.4637,,,,,,,
7.2479,-45,-325,0,0,-0.0716,0.5287,-0.0076,-123.3783,423.8138,0.4562,,,,,,,
7.2579,0,0,-54,-413,-0.0833,0.6421,0.0092,-123.7384,424.3519,0.4653,,,,,,,
7.2680,-35,-219,0,0,-0.0557,0.3563,-0.0051,-123.9472,424.6459,0.4603,,,,,,,
7.2781,0,0,-50,-361,-0.0771,0.5613,0.0080,-124.2675,425.1132,0.4683,,,,,,,
7.2881,-8,-209,-28,-394,-0.0559,0.9526,0.0039,-124.7489,425.9371,0.4722,,,,,,,
7.2982,-24,-325,0,0,-0.0382,0.5287,-0.0076,-125.0217,426.3916,0.4646,,,,,,,
7.3084,0,0,-60,-413,-0.0925,0.6421,0.0092,-125.3946,426.9225,0.4738,,,,,,,
7.3185,-57,-330,-60,-387,-0.1832,1.1386,0.0009,-126.0775,427.8518,0.4747,,,,,,,
7.3285,-44,-320,0,0,-0.0700,0.5206,-0.0074,-126.3760,428.2839,0.4673,,,,,,,
7.3386,0,0,-56,-423,-0.0864,0.6577,0.0094,-126.7520,428.8304,0.4767,,,,,,,
7.3487,-38,-350,0,0,-0.0604,0.5694,-0.0081,-127.0650,429.3099,0.4685,,,,,,,
7.3559,,,,,,,,,,,-70.8809,463.2643,0.2471,-1.2546,9.8621,0.0087,1
7.3588,0,0,-49,-391,-0.0756,0.6079,0.0087,-127.4091,429.8167,0.4772,,,,,,,
7.3689,-31,-290,-44,-387,-0.1171,1.0735,0.0019,-128.0071,430.7158,0.4791,,,,,,,
7.3790,-24,-307,0,0,-0.0382,0.4994,-0.0071,-128.2696,431.1424,0.4719,,,,,,,
7.3891,0,0,-50,-407,-0.0771,0.6328,0.0090,-128.6284,431.6694,0.4810,,,,,,,
7.3991,-50,-299,-76,-397,-0.1967,1.1037,0.0019,-129.3142,432.5561,0.4829,,,,,,,
7.4092,-38,-325,0,0,-0.0604,0.5287,-0.0076,-129.6116,432.9975,0.4753,,,,,,,
7.4193,0,0,-64,-420,-0.0987,0.6530,0.0093,-130.0006,433.5311,0.4846,,,,,,,
7.4294,-43,-314,-62,-419,-0.1640,1.1623,0.0020,-130.6882,434.4825,0.4866,,,,,,,
7.4395,-47,-295,0,0,-0.0747,0.4799,-0.0069,-130.9773,434.8727,0.4798,,,,,,,
7.4496,0,0,-49,-357,-0.0756,0.5550,0.0079,-131.3024,435.3290,0.4877,,,,,,,
7.4597,-39,-304,0,0,-0.0620,0.4946,-0.0071,-131.5875,435.7378,0.4806,,,,,,,
7.4697,0,0,-42,-401,-0.0648,0.6235,0.0089,-131.9355,436.2591,0.4896,,,,,,,
7.4798,-38,-297,-54,-367,-0.1437,1.0538,0.0012,-132.5584,437.1212,0.4908,,,,,,,
7.4899,-52,-288,0,0,-0.0827,0.4685,-0.0067,-132.8509,437.4964,0.4841,,,,,,,
7.5000,0,0,-70,-422,-0.1079,0.6561,0.0094,-133.2543,438.0250,0.4935,,,,,,,
7.5041,,,,,,,,,,,-75.1413,473.5529,0.2561,-1.6142,11.0182,0.0089,1
7.5101,-46,-333,-64,-429,-0.1718,1.2087,0.0018,-133.9791,439.0075,0.4953,,,,,,,
7.5202,-29,-255,0,0,-0.0461,0.4148,-0.0059,-134.2158,439.3512,0.4893,,,,,,,
7.5303,0,0,-67,-372,-0.1033,0.5784,0.0083,-134.5808,439.8117,0.4976,,,,,,,
7.5403,-44,-268,0,0,-0.0700,0.4360,-0.0062,-134.8493,440.1622,0.4914,,,,,,,
7.5504,0,0,-40,-361,-0.0617,0.5613,0.0080,-135.1703,440.6267,0.4994,,,,,,,
7.5605,-7,-311,-24,-361,-0.0481,1.0672,0.0008,-135.7241,441.5403,0.5002,,,,,,,
7.5706,-24,-234,0,0,-0.0382,0.3807,-0.0054,-135.9393,441.8566,0.4947,,,,,,,
7.5807,0,0,-51,-353,-0.0786,0.5488,0.0078,-136.2708,442.3010,0.5026,,,,,,,
7.5908,-31,-265,-39,-377,-0.1094,1.0173,0.0022,-136.8577,443.1391,0.5048,,,,,,,
7.6009,-16,-300,0,0,-0.0254,0.4881,-0.0070,-137.1145,443.5549,0.4978,,,,,,,
7.6109,0,0,-26,-343,-0.0401,0.5333,0.0076,-137.4061,444.0032,0.5055,,,,,,,
7.6211,-19,-299,-30,-331,-0.0765,1.0011,0.0004,-137.9579,444.8419,0.5059,,,,,,,
7.6312,-19,-281,0,0,-0.0302,0.4571,-0.0065,-138.2046,445.2280,0.4993,,,,,,,
7.6382,,,,,,,,,,,-76.8591,483.4294,0.2624,0.8396,9.9895,0.0064,1
7.6413,0,0,-11,-340,-0.0170,0.5286,0.0076,-138.4743,445.6829,0.5069,,,,,,,
7.6515,-16,-219,0,0,-0.0254,0.3563,-0.0051,-138.6688,445.9825,0.5018,,,,,,,
7.6616,0,0,-16,-326,-0.0247,0.5069,0.0072,-138.9357,446.4141,0.5090,,,,,,,
7.6717,-3,-298,-10,-305,-0.0202,0.9590,-0.0002,-139.4207,447.2417,0.5089,,,,,,,
7.6818,3,-291,0,0,0.0048,0.4734,-0.0068,-139.6457,447.6582,0.5021,,,,,,,
7.6919,0,0,2,-315,0.0031,0.4897,0.0070,-139.8802,448.0882,0.5091,,,,,,,
7.7020,4,-282,-5,-282,-0.0013,0.8972,-0.0003,-140.3186,448.8710,0.5088,,,,,,,
7.7121,2,-251,0,0,0.0032,0.4083,-0.0058,-140.5137,449.2298,0.5030,,,,,,,
7.7221,0,0,1,-252,0.0015,0.3918,0.0056,-140.7022,449.5732,0.5086,,,,,,,
7.7322,13,-231,0,0,0.0207,0.3758,-0.0054,-140.8662,449.9120,0.5032,,,,,,,
7.7423,0,0,6,-238,0.0093,0.3700,0.0053,-141.0374,450.2402,0.5085,,,,,,,
7.7554,10,-233,3,-222,0.0205,0.7242,-0.0005,-141.3719,450.8828,0.5080,,,,,,,
7.7655,5,-199,4,-209,0.0141,0.6487,0.0000,-141.6751,451.4565,0.5080,,,,,,,
7.7756,9,-197,0,0,0.0143,0.3205,-0.0046,-141.8179,451.7438,0.5035,,,,,,,
7.7840,,,,,,,,,,,-77.8309,490.6704,0.2628,0.9399,7.2452,0.0004,1
7.7878,0,0,10,-214,0.0154,0.3327,0.0048,-141.9656,452.0423,0.5082,,,,,,,
7.7978,0,0,-8,-197,-0.0123,0.3063,0.0044,-142.1260,452.3035,0.5126,,,,,,,
7.8079,1,-181,0,0,0.0016,0.2945,-0.0042,-142.2685,452.5612,0.5084,,,,,,,
7.8204,0,0,-10,-183,-0.0154,0.2845,0.0041,-142.4209,452.8019,0.5124,,,,,,,
7.8305,-7,-158,-6,-182,-0.0204,0.5400,0.0004,-142.7035,453.2625,0.5128,,,,,,,
7.8405,-6,-327,0,0,-0.0095,0.5320,-0.0076,-142.9711,453.7224,0.5052,,,,,,,
7.8506,0,0,-3,-189,-0.0046,0.2938,0.0042,-143.1179,453.9770,0.5094,,,,,,,
7.8607,-5,-152,0,0,-0.0080,0.2473,-0.0035,-143.2451,454.1893,0.5059,,,,,,,
7.8707,0,0,-13,-160,-0.0200,0.2488,0.0036,-143.3835,454.3969,0.5094,,,,,,,
7.8808,-13,-135,-15,-157,-0.0438,0.4637,0.0003,-143.6480,454.7803,0.5098,,,,,,,
7.8909,-11,-123,0,0,-0.0175,0.2001,-0.0029,-143.7607,454.9466,0.5069,,,,,,,
7.9009,0,0,-13,-140,-0.0200,0.2177,0.0031,-143.8841,455.1270,0.5100,,,,,,,
7.9110,-6,-106,-11,-124,-0.0265,0.3652,0.0003,-144.0856,455.4328,0.5103,,,,,,,
7.9182,,,,,,,,,,,-78.8043,496.6931,0.2634,0.6246,6.0688,0.0006,1
7.9211,-1,-77,0,0,-0.0016,0.1253,-0.0018,-144.1481,455.5414,0.5085,,,,,,,
7.9312,0,0,-6,-95,-0.0093,0.1477,0.0021,-144.2282,455.6658,0.5106,,,,,,,
7.9412,0,-82,0,-78,0.0000,0.2547,-0.0002,-144.3527,455.8880,0.5105,,,,,,,
7.9513,0,0,0,0,0.0000,0.0000,0.0000,-144.3527,455.8880,0.5105,,,,,,,
7.9614,3,-65,3,-63,0.0094,0.2037,-0.0001,-144.4440,456.0703,0.5104,,,,,,,
7.9715,0,-37,0,0,0.0000,0.0602,-0.0009,-144.4734,456.1228,0.5095,,,,,,,
7.9815,0,0,1,-59,0.0015,0.0917,0.0013,-144.5168,456.2036,0.5108,,,,,,,
7.9916,-2,6,1,-43,-0.0016,0.0571,0.0011,-144.5462,456.2526,0.5119,,,,,,,
8.0017,3,-38,0,0,0.0048,0.0618,-0.0009,-144.5723,456.3089,0.5110,,,,,,,
8.0118,0,0,2,-31,0.0031,0.0482,0.0007,-144.5932,456.3524,0.5117,,,,,,,
8.0219,0,-1,3,-22,0.0046,0.0358,0.0005,-144.6067,456.3859,0.5122,,,,,,,
8.0320,0,-1,0,0,0.0000,0.0016,-0.0000,-144.6075,456.3873,0.5121,,,,,,,
8.0421,0,0,2,-10,0.0031,0.0155,0.0002,-144.6124,456.4024,0.5124,,,,,,,
8.0521,0,-2,0,0,0.0000,0.0033,-0.0000,-144.6140,456.4052,0.5123,,,,,,,
8.0622,0,0,1,-3,0.0015,0.0047,0.0001,-144.6150,456.4101,0.5124,,,,,,,
8.0671,,,,,,,,,,,-80.1210,499.9401,0.2623,-0.4260,3.4778,-0.0010,1
8.0723,0,-1,0,-1,0.0000,0.0032,-0.0000,-144.6165,456.4128,0.5124,,,,,,,
8.0824,0,-1,0,0,0.0000,0.0016,-0.0000,-144.6173,456.4142,0.5124,,,,,,,
8.0924,0,0,0,0,0.0000,0.0000,0.0000,-144.6173,456.4142,0.5124,,,,,,,
8.1025,0,1,0,0,0.0000,-0.0016,0.0000,-144.6165,456.4128,0.5124,,,,,,,
8.1126,0,-1,0,0,0.0000,0.0016,-0.0000,-144.6173,456.4142,0.5124,,,,,,,
8.1226,0,0,0,0,0.0000,0.0000,0.0000,-144.6173,456.4142,0.5124,,,,,,,
8.1327,0,0,0,0,0.0000,0.0000,0.0000,-144.6173,456.4142,0.5124,,,,,,,
8.1428,0,0,0,0,0.0000,0.0000,0.0000,-144.6173,456.4142,0.5124,,,,,,,
8.1528,0,0,0,0,0.0000,0.0000,0.0000,-144.6173,456.4142,0.5124,,,,,,,
8.1629,0,0,0,0,0.0000,0.0000,0.0000,-144.6173,456.4142,0.5124,,,,,,,
8.1730,0,0,0,0,0.0000,0.0000,0.0000,-144.6173,456.4142,0.5124,,,,,,,
8.1831,0,0,0,0,0.0000,0.0000,0.0000,-144.6173,456.4142,0.5124,,,,,,,
8.1931,0,0,0,0,0.0000,0.0000,0.0000,-144.6173,456.4142,0.5124,,,,,,,
8.2032,0,0,0,0,0.0000,0.0000,0.0000,-144.6173,456.4142,0.5124,,,,,,,
8.2133,0,-1,0,0,0.0000,0.0016,-0.0000,-144.6181,456.4157,0.5123,,,,,,,
8.2136,,,,,,,,,,,-79.8890,500.6204,0.2618,0.4004,0.5968,-0.0005,1
8.2234,0,0,0,0,0.0000,0.0000,0.0000,-144.6181,456.4157,0.5123,,,,,,,
8.2334,0,0,0,0,0.0000,0.0000,0.0000,-144.6181,456.4157,0.5123,,,,,,,
8.2435,0,0,0,0,0.0000,0.0000,0.0000,-144.6181,456.4157,0.5123,,,,,,,
8.2536,0,0,0,0,0.0000,0.0000,0.0000,-144.6181,456.4157,0.5123,,,,,,,
8.2637,0,1,0,0,0.0000,-0.0016,0.0000,-144.6173,456.4142,0.5124,,,,,,,
8.2737,0,0,0,0,0.0000,0.0000,0.0000,-144.6173,456.4142,0.5124,,,,,,,
8.2838,0,0,0,0,0.0000,0.0000,0.0000,-144.6173,456.4142,0.5124,,,,,,,
8.2939,0,0,0,0,0.0000,0.0000,0.0000,-144.6173,456.4142,0.5124,,,,,,,
8.3040,0,-1,0,0,0.0000,0.0016,-0.0000,-144.6181,456.4157,0.5123,,,,,,,
8.3140,0,0,0,0,0.0000,0.0000,0.0000,-144.6181,456.4157,0.5123,,,,,,,
8.3241,0,0,0,0,0.0000,0.0000,0.0000,-144.6181,456.4157,0.5123,,,,,,,
8.3342,0,0,0,0,0.0000,0.0000,0.0000,-144.6181,456.4157,0.5123,,,,,,,
8.3443,0,0,0,0,0.0000,0.0000,0.0000,-144.6181,456.4157,0.5123,,,,,,,
8.3487,,,,,,,,,,,-80.2171,500.2401,0.2633,-0.4153,-0.2824,0.0015,1
8.3543,0,0,0,0,0.0000,0.0000,0.0000,-144.6181,456.4157,0.5123,,,,,,,
8.3644,0,0,0,0,0.0000,0.0000,0.0000,-144.6181,456.4157,0.5123,,,,,,,
8.3745,0,0,0,0,0.0000,0.0000,0.0000,-144.6181,456.4157,0.5123,,,,,,,
8.3846,0,0,0,0,0.0000,0.0000,0.0000,-144.6181,456.4157,0.5123,,,,,,,
8.3946,0,0,0,0,0.0000,0.0000,0.0000,-144.6181,456.4157,0.5123,,,,,,,
8.4047,0,0,0,0,0.0000,0.0000,0.0000,-144.6181,456.4157,0.5123,,,,,,,
8.4148,0,0,0,0,0.0000,0.0000,0.0000,-144.6181,456.4157,0.5123,,,,,,,
8.4248,0,0,0,0,0.0000,0.0000,0.0000,-144.6181,456.4157,0.5123,,,,,,,
8.4350,0,0,0,0,0.0000,0.0000,0.0000,-144.6181,456.4157,0.5123,,,,,,,
8.4450,0,0,0,0,0.0000,0.0000,0.0000,-144.6181,456.4157,0.5123,,,,,,,
8.4551,0,0,0,0,0.0000,0.0000,0.0000,-144.6181,456.4157,0.5123,,,,,,,
8.4652,0,0,0,0,0.0000,0.0000,0.0000,-144.6181,456.4157,0.5123,,,,,,,
8.4752,0,0,0,0,0.0000,0.0000,0.0000,-144.6181,456.4157,0.5123,,,,,,,
8.4853,0,0,0,0,0.0000,0.0000,0.0000,-144.6181,456.4157,0.5123,,,,,,,
8.4949,,,,,,,,,,,-79.8478,500.4572,0.2627,0.4131,0.1135,-0.0005,1
8.4954,0,0,0,0,0.0000,0.0000,0.0000,-144.6181,456.4157,0.5123,,,,,,,
8.5055,0,0,0,0,0.0000,0.0000,0.0000,-144.6181,456.4157,0.5123,,,,,,,
8.5155,0,0,0,0,0.0000,0.0000,0.0000,-144.6181,456.4157,0.5123,,,,,,,
8.5256,0,0,0,0,0.0000,0.0000,0.0000,-144.6181,456.4157,0.5123,,,,,,,
8.5357,0,0,0,0,0.0000,0.0000,0.0000,-144.6181,456.4157,0.5123,,,,,,,
8.5457,0,0,0,0,0.0000,0.0000,0.0000,-144.6181,456.4157,0.5123,,,,,,,
8.5558,0,0,0,0,0.0000,0.0000,0.0000,-144.6181,456.4157,0.5123,,,,,,,
8.5659,0,0,0,0,0.0000,0.0000,0.0000,-144.6181,456.4157,0.5123,,,,,,,
8.5760,0,0,0,0,0.0000,0.0000,0.0000,-144.6181,456.4157,0.5123,,,,,,,
8.5860,0,0,0,0,0.0000,0.0000,0.0000,-144.6181,456.4157,0.5123,,,,,,,
8.5961,0,0,0,0,0.0000,0.0000,0.0000,-144.6181,456.4157,0.5123,,,,,,,
8.6062,0,0,0,0,0.0000,0.0000,0.0000,-144.6181,456.4157,0.5123,,,,,,,
8.6162,0,0,0,0,0.0000,0.0000,0.0000,-144.6181,456.4157,0.5123,,,,,,,
8.6263,0,0,0,0,0.0000,0.0000,0.0000,-144.6181,456.4157,0.5123,,,,,,,
8.6364,0,0,0,0,0.0000,0.0000,0.0000,-144.6181,456.4157,0.5123,,,,,,,
8.6426,,,,,,,,,,,-80.4216,500.7174,0.2631,-0.4865,0.4003,0.0003,1
8.6465,0,0,0,0,0.0000,0.0000,0.0000,-144.6181,456.4157,0.5123,,,,,,,
8.6565,0,0,0,0,0.0000,0.0000,0.0000,-144.6181,456.4157,0.5123,,,,,,,
8.6666,0,0,0,0,0.0000,0.0000,0.0000,-144.6181,456.4157,0.5123,,,,,,,
8.6767,0,0,0,0,0.0000,0.0000,0.0000,-144.6181,456.4157,0.5123,,,,,,,
8.6867,0,0,0,0,0.0000,0.0000,0.0000,-144.6181,456.4157,0.5123,,,,,,,
8.6969,0,0,0,0,0.0000,0.0000,0.0000,-144.6181,456.4157,0.5123,,,,,,,
8.7069,0,0,0,0,0.0000,0.0000,0.0000,-144.6181,456.4157,0.5123,,,,,,,
8.7170,0,0,0,0,0.0000,0.0000,0.0000,-144.6181,456.4157,0.5123,,,,,,,
8.7271,0,0,0,0,0.0000,0.0000,0.0000,-144.6181,456.4157,0.5123,,,,,,,
8.7371,0,0,0,0,0.0000,0.0000,0.0000,-144.6181,456.4157,0.5123,,,,,,,
8.7472,0,0,0,0,0.0000,0.0000,0.0000,-144.6181,456.4157,0.5123,,,,,,,
8.7573,0,0,0,0,0.0000,0.0000,0.0000,-144.6181,456.4157,0.5123,,,,,,,
8.7674,0,0,0,0,0.0000,0.0000,0.0000,-144.6181,456.4157,0.5123,,,,,,,
8.7774,0,0,0,0,0.0000,0.0000,0.0000,-144.6181,456.4157,0.5123,,,,,,,
8.7774,,,,,,,,,,,-80.0825,500.7259,0.2629,0.3296,-0.0799,-0.0002,1
8.7875,0,0,0,0,0.0000,0.0000,0.0000,-144.6181,456.4157,0.5123,,,,,,,
8.7976,0,0,0,0,0.0000,0.0000,0.0000,-144.6181,456.4157,0.5123,,,,,,,
8.8076,0,0,0,0,0.0000,0.0000,0.0000,-144.6181,456.4157,0.5123,,,,,,,
8.8177,0,0,0,0,0.0000,0.0000,0.0000,-144.6181,456.4157,0.5123,,,,,,,
8.8278,0,0,0,0,0.0000,0.0000,0.0000,-144.6181,456.4157,0.5123,,,,,,,
8.8379,0,0,0,0,0.0000,0.0000,0.0000,-144.6181,456.4157,0.5123,,,,,,,
8.8479,0,0,0,0,0.0000,0.0000,0.0000,-144.6181,456.4157,0.5123,,,,,,,
8.8580,0,0,0,0,0.0000,0.0000,0.0000,-144.6181,456.4157,0.5123,,,,,,,
8.8681,0,0,0,0,0.0000,0.0000,0.0000,-144.6181,456.4157,0.5123,,,,,,,
8.8782,0,0,0,0,0.0000,0.0000,0.0000,-144.6181,456.4157,0.5123,,,,,,,
8.8882,0,0,0,0,0.0000,0.0000,0.0000,-144.6181,456.4157,0.5123,,,,,,,
8.8983,0,0,0,0,0.0000,0.0000,0.0000,-144.6181,456.4157,0.5123,,,,,,,
8.9084,0,0,0,0,0.0000,0.0000,0.0000,-144.6181,456.4157,0.5123,,,,,,,
8.9184,0,0,0,0,0.0000,0.0000,0.0000,-144.6181,456.4157,0.5123,,,,,,,
8.9245,,,,,,,,,,,-79.6929,500.6675,0.2627,0.3610,-0.1576,-0.0002,1
8.9285,0,0,0,0,0.0000,0.0000,0.0000,-144.6181,456.4157,0.5123,,,,,,,
8.9386,0,0,0,0,0.0000,0.0000,0.0000,-144.6181,456.4157,0.5123,,,,,,,
8.9487,0,0,0,0,0.0000,0.0000,0.0000,-144.6181,456.4157,0.5123,,,,,,,
8.9588,0,0,0,0,0.0000,0.0000,0.0000,-144.6181,456.4157,0.5123,,,,,,,
8.9689,0,0,0,0,0.0000,0.0000,0.0000,-144.6181,456.4157,0.5123,,,,,,,
8.9789,0,0,0,0,0.0000,0.0000,0.0000,-144.6181,456.4157,0.5123,,,,,,,
8.9890,0,0,0,0,0.0000,0.0000,0.0000,-144.6181,456.4157,0.5123,,,,,,,
8.9991,0,0,0,0,0.0000,0.0000,0.0000,-144.6181,456.4157,0.5123,,,,,,,
9.0091,0,0,0,0,0.0000,0.0000,0.0000,-144.6181,456.4157,0.5123,,,,,,,
9.0193,0,0,0,0,0.0000,0.0000,0.0000,-144.6181,456.4157,0.5123,,,,,,,
9.0293,0,0,0,0,0.0000,0.0000,0.0000,-144.6181,456.4157,0.5123,,,,,,,
9.0394,0,0,0,0,0.0000,0.0000,0.0000,-144.6181,456.4157,0.5123,,,,,,,
9.0495,0,0,0,0,0.0000,0.0000,0.0000,-144.6181,456.4157,0.5123,,,,,,,
9.0596,0,0,0,0,0.0000,0.0000,0.0000,-144.6181,456.4157,0.5123,,,,,,,
9.0696,0,0,0,0,0.0000,0.0000,0.0000,-144.6181,456.4157,0.5123,,,,,,,
9.0718,,,,,,,,,,,-79.9656,500.7266,0.2627,-0.2480,0.1278,-0.0001,1
9.0797,0,0,0,0,0.0000,0.0000,0.0000,-144.6181,456.4157,0.5123,,,,,,,
9.0898,0,0,0,0,0.0000,0.0000,0.0000,-144.6181,456.4157,0.5123,,,,,,,
9.0998,0,0,0,0,0.0000,0.0000,0.0000,-144.6181,456.4157,0.5123,,,,,,,
9.1099,0,0,0,0,0.0000,0.0000,0.0000,-144.6181,456.4157,0.5123,,,,,,,
9.1200,0,0,0,0,0.0000,0.0000,0.0000,-144.6181,456.4157,0.5123,,,,,,,
9.1301,0,0,0,0,0.0000,0.0000,0.0000,-144.6181,456.4157,0.5123,,,,,,,
9.1401,0,0,0,0,0.0000,0.0000,0.0000,-144.6181,456.4157,0.5123,,,,,,,
9.1502,0,0,0,0,0.0000,0.0000,0.0000,-144.6181,456.4157,0.5123,,,,,,,
9.1603,0,0,0,0,0.0000,0.0000,0.0000,-144.6181,456.4157,0.5123,,,,,,,
9.1704,0,0,0,0,0.0000,0.0000,0.0000,-144.6181,456.4157,0.5123,,,,,,,
9.1804,0,0,0,0,0.0000,0.0000,0.0000,-144.6181,456.4157,0.5123,,,,,,,
9.1905,0,0,0,0,0.0000,0.0000,0.0000,-144.6181,456.4157,0.5123,,,,,,,
9.2006,0,0,0,0,0.0000,0.0000,0.0000,-144.6181,456.4157,0.5123,,,,,,,
9.2070,,,,,,,,,,,-80.2480,500.7350,0.2627,-0.2705,0.0815,0.0001,1
9.2107,0,0,0,0,0.0000,0.0000,0.0000,-144.6181,456.4157,0.5123,,,,,,,
9.2208,0,0,0,0,0.0000,0.0000,0.0000,-144.6181,456.4157,0.5123,,,,,,,
9.2308,0,0,0,0,0.0000,0.0000,0.0000,-144.6181,456.4157,0.5123,,,,,,,
9.2409,0,0,0,0,0.0000,0.0000,0.0000,-144.6181,456.4157,0.5123,,,,,,,
9.2510,0,0,0,0,0.0000,0.0000,0.0000,-144.6181,456.4157,0.5123,,,,,,,
9.2610,0,0,0,0,0.0000,0.0000,0.0000,-144.6181,456.4157,0.5123,,,,,,,
9.2711,0,0,0,0,0.0000,0.0000,0.0000,-144.6181,456.4157,0.5123,,,,,,,
9.2812,0,0,0,0,0.0000,0.0000,0.0000,-144.6181,456.4157,0.5123,,,,,,,
9.2913,0,0,0,0,0.0000,0.0000,0.0000,-144.6181,456.4157,0.5123,,,,,,,
9.3014,0,0,0,0,0.0000,0.0000,0.0000,-144.6181,456.4157,0.5123,,,,,,,
9.3114,0,0,0,0,0.0000,0.0000,0.0000,-144.6181,456.4157,0.5123,,,,,,,
9.3215,0,0,0,0,0.0000,0.0000,0.0000,-144.6181,456.4157,0.5123,,,,,,,
9.3316,0,0,0,0,0.0000,0.0000,0.0000,-144.6181,456.4157,0.5123,,,,,,,
9.3416,0,0,0,0,0.0000,0.0000,0.0000,-144.6181,456.4157,0.5123,,,,,,,
9.3517,0,0,0,0,0.0000,0.0000,0.0000,-144.6181,456.4157,0.5123,,,,,,,
9.3552,,,,,,,,,,,-80.1516,500.7686,0.2633,0.1018,0.0074,0.0006,1
9.3618,0,0,0,0,0.0000,0.0000,0.0000,-144.6181,456.4157,0.5123,,,,,,,
9.3719,0,0,0,0,0.0000,0.0000,0.0000,-144.6181,456.4157,0.5123,,,,,,,
9.3819,0,0,0,0,0.0000,0.0000,0.0000,-144.6181,456.4157,0.5123,,,,,,,
9.3920,0,0,0,0,0.0000,0.0000,0.0000,-144.6181,456.4157,0.5123,,,,,,,
9.4021,0,0,0,0,0.0000,0.0000,0.0000,-144.6181,456.4157,0.5123,,,,,,,
9.4122,0,0,0,0,0.0000,0.0000,0.0000,-144.6181,456.4157,0.5123,,,,,,,
9.4222,0,0,0,0,0.0000,0.0000,0.0000,-144.6181,456.4157,0.5123,,,,,,,
9.4323,0,0,0,0,0.0000,0.0000,0.0000,-144.6181,456.4157,0.5123,,,,,,,
9.4424,0,0,0,0,0.0000,0.0000,0.0000,-144.6181,456.4157,0.5123,,,,,,,
9.4525,0,0,0,0,0.0000,0.0000,0.0000,-144.6181,456.4157,0.5123,,,,,,,
9.4625,0,0,0,0,0.0000,0.0000,0.0000,-144.6181,456.4157,0.5123,,,,,,,
9.4726,0,0,0,0,0.0000,0.0000,0.0000,-144.6181,456.4157,0.5123,,,,,,,
9.4827,0,0,0,0,0.0000,0.0000,0.0000,-144.6181,456.4157,0.5123,,,,,,,
9.4928,0,0,0,0,0.0000,0.0000,0.0000,-144.6181,456.4157,0.5123,,,,,,,
9.5020,,,,,,,,,,,-80.4016,500.8298,0.2633,-0.2255,0.1241,0.0000,1
9.5028,0,0,0,0,0.0000,0.0000,0.0000,-144.6181,456.4157,0.5123,,,,,,,
9.5129,0,0,0,0,0.0000,0.0000,0.0000,-144.6181,456.4157,0.5123,,,,,,,
9.5230,0,0,0,0,0.0000,0.0000,0.0000,-144.6181,456.4157,0.5123,,,,,,,
9.5330,0,0,0,0,0.0000,0.0000,0.0000,-144.6181,456.4157,0.5123,,,,,,,
9.5432,0,0,0,0,0.0000,0.0000,0.0000,-144.6181,456.4157,0.5123,,,,,,,
9.5532,0,0,0,0,0.0000,0.0000,0.0000,-144.6181,456.4157,0.5123,,,,,,,
9.5633,0,0,0,0,0.0000,0.0000,0.0000,-144.6181,456.4157,0.5123,,,,,,,
9.5734,0,0,0,0,0.0000,0.0000,0.0000,-144.6181,456.4157,0.5123,,,,,,,
9.5834,0,0,0,0,0.0000,0.0000,0.0000,-144.6181,456.4157,0.5123,,,,,,,
9.5935,0,0,0,0,0.0000,0.0000,0.0000,-144.6181,456.4157,0.5123,,,,,,,
9.6036,0,0,0,0,0.0000,0.0000,0.0000,-144.6181,456.4157,0.5123,,,,,,,
9.6137,0,0,0,0,0.0000,0.0000,0.0000,-144.6181,456.4157,0.5123,,,,,,,
9.6237,0,0,0,0,0.0000,0.0000,0.0000,-144.6181,456.4157,0.5123,,,,,,,
9.6338,0,0,0,0,0.0000,0.0000,0.0000,-144.6181,456.4157,0.5123,,,,,,,
9.6368,,,,,,,,,,,-80.2881,500.5744,0.2633,0.0432,-0.2761,-0.0001,1
9.6440,0,0,0,0,0.0000,0.0000,0.0000,-144.6181,456.4157,0.5123,,,,,,,
9.6541,0,0,0,0,0.0000,0.0000,0.0000,-144.6181,456.4157,0.5123,,,,,,,
9.6641,0,0,0,0,0.0000,0.0000,0.0000,-144.6181,456.4157,0.5123,,,,,,,
9.6742,0,0,0,0,0.0000,0.0000,0.0000,-144.6181,456.4157,0.5123,,,,,,,
9.6843,0,0,0,0,0.0000,0.0000,0.0000,-144.6181,456.4157,0.5123,,,,,,,
9.6943,0,0,0,0,0.0000,0.0000,0.0000,-144.6181,456.4157,0.5123,,,,,,,
9.7044,0,0,0,0,0.0000,0.0000,0.0000,-144.6181,456.4157,0.5123,,,,,,,
9.7145,0,0,0,0,0.0000,0.0000,0.0000,-144.6181,456.4157,0.5123,,,,,,,
9.7246,0,0,0,0,0.0000,0.0000,0.0000,-144.6181,456.4157,0.5123,,,,,,,
9.7347,0,0,0,0,0.0000,0.0000,0.0000,-144.6181,456.4157,0.5123,,,,,,,
9.7447,0,0,0,0,0.0000,0.0000,0.0000,-144.6181,456.4157,0.5123,,,,,,,
9.7548,0,0,0,0,0.0000,0.0000,0.0000,-144.6181,456.4157,0.5123,,,,,,,
9.7649,0,0,0,0,0.0000,0.0000,0.0000,-144.6181,456.4157,0.5123,,,,,,,
9.7750,0,0,0,0,0.0000,0.0000,0.0000,-144.6181,456.4157,0.5123,,,,,,,
9.7850,0,0,0,0,0.0000,0.0000,0.0000,-144.6181,456.4157,0.5123,,,,,,,
9.7853,,,,,,,,,,,-80.2428,501.0856,0.2629,0.1768,0.4818,-0.0004,1
9.7951,0,0,0,0,0.0000,0.0000,0.0000,-144.6181,456.4157,0.5123,,,,,,,
9.8052,0,0,0,0,0.0000,0.0000,0.0000,-144.6181,456.4157,0.5123,,,,,,,
9.8153,0,0,0,0,0.0000,0.0000,0.0000,-144.6181,456.4157,0.5123,,,,,,,
9.8253,0,0,0,0,0.0000,0.0000,0.0000,-144.6181,456.4157,0.5123,,,,,,,
9.8354,0,0,0,0,0.0000,0.0000,0.0000,-144.6181,456.4157,0.5123,,,,,,,
9.8455,0,0,0,0,0.0000,0.0000,0.0000,-144.6181,456.4157,0.5123,,,,,,,
9.8555,0,0,0,0,0.0000,0.0000,0.0000,-144.6181,456.4157,0.5123,,,,,,,
9.8656,0,0,0,0,0.0000,0.0000,0.0000,-144.6181,456.4157,0.5123,,,,,,,
9.8757,0,0,0,0,0.0000,0.0000,0.0000,-144.6181,456.4157,0.5123,,,,,,,
9.8858,0,0,0,0,0.0000,0.0000,0.0000,-144.6181,456.4157,0.5123,,,,,,,
9.8958,0,0,0,0,0.0000,0.0000,0.0000,-144.6181,456.4157,0.5123,,,,,,,
9.9059,0,0,0,0,0.0000,0.0000,0.0000,-144.6181,456.4157,0.5123,,,,,,,
9.9160,0,0,0,0,0.0000,0.0000,0.0000,-144.6181,456.4157,0.5123,,,,,,,
9.9205,,,,,,,,,,,-80.4753,500.6361,0.2626,-0.3414,-0.3736,-0.0003,1
9.9261,0,0,0,0,0.0000,0.0000,0.0000,-144.6181,456.4157,0.5123,,,,,,,
9.9362,0,0,0,0,0.0000,0.0000,0.0000,-144.6181,456.4157,0.5123,,,,,,,
9.9462,0,0,0,0,0.0000,0.0000,0.0000,-144.6181,456.4157,0.5123,,,,,,,
9.9563,0,0,0,0,0.0000,0.0000,0.0000,-144.6181,456.4157,0.5123,,,,,,,
9.9664,0,0,0,0,0.0000,0.0000,0.0000,-144.6181,456.4157,0.5123,,,,,,,
9.9764,0,0,0,0,0.0000,0.0000,0.0000,-144.6181,456.4157,0.5123,,,,,,,
9.9865,0,0,0,0,0.0000,0.0000,0.0000,-144.6181,456.4157,0.5123,,,,,,,
9.9966,0,0,0,0,0.0000,0.0000,0.0000,-144.6181,456.4157,0.5123,,,,,,,
10.0067,0,0,0,0,0.0000,0.0000,0.0000,-144.6181,456.4157,0.5123,,,,,,,
10.0169,0,0,0,0,0.0000,0.0000,0.0000,-144.6181,456.4157,0.5123,,,,,,,
10.0269,0,0,0,0,0.0000,0.0000,0.0000,-144.6181,456.4157,0.5123,,,,,,,
10.0370,0,0,0,0,0.0000,0.0000,0.0000,-144.6181,456.4157,0.5123,,,,,,,
10.0471,0,0,0,0,0.0000,0.0000,0.0000,-144.6181,456.4157,0.5123,,,,,,,
10.0572,0,0,0,0,0.0000,0.0000,0.0000,-144.6181,456.4157,0.5123,,,,,,,
10.0671,,,,,,,,,,,-80.0281,500.5870,0.2632,0.4191,-0.1635,0.0007,1
10.0672,0,0,0,0,0.0000,0.0000,0.0000,-144.6181,456.4157,0.5123,,,,,,,
10.0773,0,0,0,0,0.0000,0.0000,0.0000,-144.6181,456.4157,0.5123,,,,,,,
10.0874,0,0,0,0,0.0000,0.0000,0.0000,-144.6181,456.4157,0.5123,,,,,,,
10.0975,0,0,0,0,0.0000,0.0000,0.0000,-144.6181,456.4157,0.5123,,,,,,,
10.1076,0,0,0,0,0.0000,0.0000,0.0000,-144.6181,456.4157,0.5123,,,,,,,
10.1176,0,0,0,0,0.0000,0.0000,0.0000,-144.6181,456.4157,0.5123,,,,,,,
10.1277,0,0,0,0,0.0000,0.0000,0.0000,-144.6181,456.4157,0.5123,,,,,,,
10.1378,0,0,0,0,0.0000,0.0000,0.0000,-144.6181,456.4157,0.5123,,,,,,,
10.1479,0,0,0,0,0.0000,0.0000,0.0000,-144.6181,456.4157,0.5123,,,,,,,
10.1579,0,0,0,0,0.0000,0.0000,0.0000,-144.6181,456.4157,0.5123,,,,,,,
10.1680,0,0,0,0,0.0000,0.0000,0.0000,-144.6181,456.4157,0.5123,,,,,,,
10.1781,0,0,0,0,0.0000,0.0000,0.0000,-144.6181,456.4157,0.5123,,,,,,,
10.1881,0,0,0,0,0.0000,0.0000,0.0000,-144.6181,456.4157,0.5123,,,,,,,
10.1983,0,0,0,0,0.0000,0.0000,0.0000,-144.6181,456.4157,0.5123,,,,,,,
10.2083,0,0,0,0,0.0000,0.0000,0.0000,-144.6181,456.4157,0.5123,,,,,,,
10.2152,,,,,,,,,,,-80.4355,501.4912,0.2637,-0.1581,0.9791,0.0005,1
10.2184,0,0,0,0,0.0000,0.0000,0.0000,-144.6181,456.4157,0.5123,,,,,,,
10.2285,0,0,0,0,0.0000,0.0000,0.0000,-144.6181,456.4157,0.5123,,,,,,,
10.2386,0,0,0,0,0.0000,0.0000,0.0000,-144.6181,456.4157,0.5123,,,,,,,
10.2486,0,0,0,0,0.0000,0.0000,0.0000,-144.6181,456.4157,0.5123,,,,,,,
10.2587,0,0,0,0,0.0000,0.0000,0.0000,-144.6181,456.4157,0.5123,,,,,,,
10.2688,0,0,0,0,0.0000,0.0000,0.0000,-144.6181,456.4157,0.5123,,,,,,,
10.2788,0,0,0,0,0.0000,0.0000,0.0000,-144.6181,456.4157,0.5123,,,,,,,
10.2889,0,0,0,0,0.0000,0.0000,0.0000,-144.6181,456.4157,0.5123,,,,,,,
10.2990,0,0,0,0,0.0000,0.0000,0.0000,-144.6181,456.4157,0.5123,,,,,,,
10.3091,0,0,0,0,0.0000,0.0000,0.0000,-144.6181,456.4157,0.5123,,,,,,,
10.3191,0,0,0,0,0.0000,0.0000,0.0000,-144.6181,456.4157,0.5123,,,,,,,
10.3292,0,0,0,0,0.0000,0.0000,0.0000,-144.6181,456.4157,0.5123,,,,,,,
10.3393,0,0,0,0,0.0000,0.0000,0.0000,-144.6181,456.4157,0.5123,,,,,,,
10.3493,0,0,0,0,0.0000,0.0000,0.0000,-144.6181,456.4157,0.5123,,,,,,,
10.3502,,,,,,,,,,,-80.3464,500.9883,0.2634,-0.0450,-0.5088,-0.0004,1
10.3594,0,0,0,0,0.0000,0.0000,0.0000,-144.6181,456.4157,0.5123,,,,,,,
10.3695,0,0,0,0,0.0000,0.0000,0.0000,-144.6181,456.4157,0.5123,,,,,,,
10.3795,0,0,0,0,0.0000,0.0000,0.0000,-144.6181,456.4157,0.5123,,,,,,,
10.3896,0,0,0,0,0.0000,0.0000,0.0000,-144.6181,456.4157,0.5123,,,,,,,
10.3997,0,0,0,0,0.0000,0.0000,0.0000,-144.6181,456.4157,0.5123,,,,,,,
10.4097,0,0,0,0,0.0000,0.0000,0.0000,-144.6181,456.4157,0.5123,,,,,,,
10.4198,0,0,0,0,0.0000,0.0000,0.0000,-144.6181,456.4157,0.5123,,,,,,,
10.4299,0,0,0,0,0.0000,0.0000,0.0000,-144.6181,456.4157,0.5123,,,,,,,
10.4400,0,0,0,0,0.0000,0.0000,0.0000,-144.6181,456.4157,0.5123,,,,,,,
10.4500,0,0,0,0,0.0000,0.0000,0.0000,-144.6181,456.4157,0.5123,,,,,,,
10.4601,0,0,0,0,0.0000,0.0000,0.0000,-144.6181,456.4157,0.5123,,,,,,,
10.4702,0,0,0,0,0.0000,0.0000,0.0000,-144.6181,456.4157,0.5123,,,,,,,
10.4803,0,0,0,0,0.0000,0.0000,0.0000,-144.6181,456.4157,0.5123,,,,,,,
10.4903,0,0,0,0,0.0000,0.0000,0.0000,-144.6181,456.4157,0.5123,,,,,,,
10.4964,,,,,,,,,,,-80.2047,500.9687,0.2633,0.1317,-0.0558,-0.0000,1
10.5004,0,0,0,0,0.0000,0.0000,0.0000,-144.6181,456.4157,0.5123,,,,,,,
10.5105,0,0,0,0,0.0000,0.0000,0.0000,-144.6181,456.4157,0.5123,,,,,,,
10.5205,0,0,0,0,0.0000,0.0000,0.0000,-144.6181,456.4157,0.5123,,,,,,,
10.5306,0,0,0,0,0.0000,0.0000,0.0000,-144.6181,456.4157,0.5123,,,,,,,
10.5407,0,0,0,0,0.0000,0.0000,0.0000,-144.6181,456.4157,0.5123,,,,,,,
10.5508,0,0,0,0,0.0000,0.0000,0.0000,-144.6181,456.4157,0.5123,,,,,,,
10.5608,0,0,0,0,0.0000,0.0000,0.0000,-144.6181,456.4157,0.5123,,,,,,,
10.5709,0,0,0,0,0.0000,0.0000,0.0000,-144.6181,456.4157,0.5123,,,,,,,
10.5810,0,0,0,0,0.0000,0.0000,0.0000,-144.6181,456.4157,0.5123,,,,,,,
10.5911,0,0,0,0,0.0000,0.0000,0.0000,-144.6181,456.4157,0.5123,,,,,,,
10.6011,0,0,0,0,0.0000,0.0000,0.0000,-144.6181,456.4157,0.5123,,,,,,,
10.6112,0,0,0,0,0.0000,0.0000,0.0000,-144.6181,456.4157,0.5123,,,,,,,
10.6213,0,0,0,0,0.0000,0.0000,0.0000,-144.6181,456.4157,0.5123,,,,,,,
10.6314,0,0,0,0,0.0000,0.0000,0.0000,-144.6181,456.4157,0.5123,,,,,,,
10.6415,0,0,0,0,0.0000,0.0000,0.0000,-144.6181,456.4157,0.5123,,,,,,,
10.6444,,,,,,,,,,,-80.5635,500.6786,0.2635,-0.4219,-0.1867,0.0001,1
10.6516,0,0,0,0,0.0000,0.0000,0.0000,-144.6181,456.4157,0.5123,,,,,,,
10.6616,0,0,0,0,0.0000,0.0000,0.0000,-144.6181,456.4157,0.5123,,,,,,,
10.6717,0,0,0,0,0.0000,0.0000,0.0000,-144.6181,456.4157,0.5123,,,,,,,
10.6818,0,0,0,0,0.0000,0.0000,0.0000,-144.6181,456.4157,0.5123,,,,,,,
10.6918,0,0,0,0,0.0000,0.0000,0.0000,-144.6181,456.4157,0.5123,,,,,,,
10.7019,0,0,0,0,0.0000,0.0000,0.0000,-144.6181,456.4157,0.5123,,,,,,,
10.7120,0,0,0,0,0.0000,0.0000,0.0000,-144.6181,456.4157,0.5123,,,,,,,
10.7221,0,0,0,0,0.0000,0.0000,0.0000,-144.6181,456.4157,0.5123,,,,,,,
10.7322,0,0,0,0,0.0000,0.0000,0.0000,-144.6181,456.4157,0.5123,,,,,,,
10.7422,0,0,0,0,0.0000,0.0000,0.0000,-144.6181,456.4157,0.5123,,,,,,,
10.7523,0,0,0,0,0.0000,0.0000,0.0000,-144.6181,456.4157,0.5123,,,,,,,
10.7624,0,0,0,0,0.0000,0.0000,0.0000,-144.6181,456.4157,0.5123,,,,,,,
10.7725,0,0,0,0,0.0000,0.0000,0.0000,-144.6181,456.4157,0.5123,,,,,,,
10.7791,,,,,,,,,,,-80.3986,500.7849,0.2632,0.1869,0.0596,-0.0003,1
10.7825,0,0,0,0,0.0000,0.0000,0.0000,-144.6181,456.4157,0.5123,,,,,,,
10.7926,0,0,0,0,0.0000,0.0000,0.0000,-144.6181,456.4157,0.5123,,,,,,,
10.8027,0,0,0,0,0.0000,0.0000,0.0000,-144.6181,456.4157,0.5123,,,,,,,
10.8128,0,0,0,0,0.0000,0.0000,0.0000,-144.6181,456.4157,0.5123,,,,,,,
10.8228,0,0,0,0,0.0000,0.0000,0.0000,-144.6181,456.4157,0.5123,,,,,,,
10.8329,0,0,0,0,0.0000,0.0000,0.0000,-144.6181,456.4157,0.5123,,,,,,,
10.8430,0,0,0,0,0.0000,0.0000,0.0000,-144.6181,456.4157,0.5123,,,,,,,
10.8531,0,0,0,0,0.0000,0.0000,0.0000,-144.6181,456.4157,0.5123,,,,,,,
10.8631,0,0,0,0,0.0000,0.0000,0.0000,-144.6181,456.4157,0.5123,,,,,,,
10.8732,0,0,0,0,0.0000,0.0000,0.0000,-144.6181,456.4157,0.5123,,,,,,,
10.8833,0,0,0,0,0.0000,0.0000,0.0000,-144.6181,456.4157,0.5123,,,,,,,
10.8933,0,0,0,0,0.0000,0.0000,0.0000,-144.6181,456.4157,0.5123,,,,,,,
10.9035,0,0,0,0,0.0000,0.0000,0.0000,-144.6181,456.4157,0.5123,,,,,,,
10.9135,0,0,0,0,0.0000,0.0000,0.0000,-144.6181,456.4157,0.5123,,,,,,,
10.9236,0,0,0,0,0.0000,0.0000,0.0000,-144.6181,456.4157,0.5123,,,,,,,
10.9266,,,,,,,,,,,-80.3043,500.6847,0.2634,0.0650,-0.1212,0.0002,1
10.9337,0,0,0,0,0.0000,0.0000,0.0000,-144.6181,456.4157,0.5123,,,,,,,
10.9437,0,0,0,0,0.0000,0.0000,0.0000,-144.6181,456.4157,0.5123,,,,,,,
10.9538,0,0,0,0,0.0000,0.0000,0.0000,-144.6181,456.4157,0.5123,,,,,,,
10.9639,0,0,0,0,0.0000,0.0000,0.0000,-144.6181,456.4157,0.5123,,,,,,,
10.9740,0,0,0,0,0.0000,0.0000,0.0000,-144.6181,456.4157,0.5123,,,,,,,
10.9840,0,0,0,0,0.0000,0.0000,0.0000,-144.6181,456.4157,0.5123,,,,,,,
10.9941,0,0,0,0,0.0000,0.0000,0.0000,-144.6181,456.4157,0.5123,,,,,,,
11.0042,0,0,0,0,0.0000,0.0000,0.0000,-144.6181,456.4157,0.5123,,,,,,,
11.0143,0,0,0,0,0.0000,0.0000,0.0000,-144.6181,456.4157,0.5123,,,,,,,
11.0244,0,0,0,0,0.0000,0.0000,0.0000,-144.6181,456.4157,0.5123,,,,,,,
11.0345,0,0,0,0,0.0000,0.0000,0.0000,-144.6181,456.4157,0.5123,,,,,,,
11.0446,0,0,0,0,0.0000,0.0000,0.0000,-144.6181,456.4157,0.5123,,,,,,,
11.0546,0,0,0,0,0.0000,0.0000,0.0000,-144.6181,456.4157,0.5123,,,,,,,
11.0647,0,0,0,0,0.0000,0.0000,0.0000,-144.6181,456.4157,0.5123,,,,,,,
11.0740,,,,,,,,,,,-80.1952,500.6589,0.2632,0.0986,-0.0534,-0.0002,1
11.0748,0,0,0,0,0.0000,0.0000,0.0000,-144.6181,456.4157,0.5123,,,,,,,
11.0849,0,0,0,0,0.0000,0.0000,0.0000,-144.6181,456.4157,0.5123,,,,,,,
11.0950,0,0,0,0,0.0000,0.0000,0.0000,-144.6181,456.4157,0.5123,,,,,,,
11.1050,0,0,0,0,0.0000,0.0000,0.0000,-144.6181,456.4157,0.5123,,,,,,,
11.1151,0,0,0,0,0.0000,0.0000,0.0000,-144.6181,456.4157,0.5123,,,,,,,
11.1252,0,0,0,0,0.0000,0.0000,0.0000,-144.6181,456.4157,0.5123,,,,,,,
11.1353,0,0,0,0,0.0000,0.0000,0.0000,-144.6181,456.4157,0.5123,,,,,,,
11.1453,0,0,0,0,0.0000,0.0000,0.0000,-144.6181,456.4157,0.5123,,,,,,,
11.1554,0,0,0,0,0.0000,0.0000,0.0000,-144.6181,456.4157,0.5123,,,,,,,
11.1655,0,0,0,0,0.0000,0.0000,0.0000,-144.6181,456.4157,0.5123,,,,,,,
11.1755,0,0,0,0,0.0000,0.0000,0.0000,-144.6181,456.4157,0.5123,,,,,,,
11.1856,0,0,0,0,0.0000,0.0000,0.0000,-144.6181,456.4157,0.5123,,,,,,,
11.1957,0,0,0,0,0.0000,0.0000,0.0000,-144.6181,456.4157,0.5123,,,,,,,
11.2058,0,0,0,0,0.0000,0.0000,0.0000,-144.6181,456.4157,0.5123,,,,,,,
11.2090,,,,,,,,,,,-80.4402,500.5381,0.2633,-0.2680,-0.0528,0.0001,1
11.2158,0,0,0,0,0.0000,0.0000,0.0000,-144.6181,456.4157,0.5123,,,,,,,
11.2259,0,0,0,0,0.0000,0.0000,0.0000,-144.6181,456.4157,0.5123,,,,,,,
11.2360,0,0,0,0,0.0000,0.0000,0.0000,-144.6181,456.4157,0.5123,,,,,,,
11.2461,0,0,0,0,0.0000,0.0000,0.0000,-144.6181,456.4157,0.5123,,,,,,,
11.2561,0,0,0,0,0.0000,0.0000,0.0000,-144.6181,456.4157,0.5123,,,,,,,
11.2662,0,0,0,0,0.0000,0.0000,0.0000,-144.6181,456.4157,0.5123,,,,,,,
11.2763,0,0,0,0,0.0000,0.0000,0.0000,-144.6181,456.4157,0.5123,,,,,,,
11.2864,0,0,0,0,0.0000,0.0000,0.0000,-144.6181,456.4157,0.5123,,,,,,,
11.2964,0,0,0,0,0.0000,0.0000,0.0000,-144.6181,456.4157,0.5123,,,,,,,
11.3065,0,0,0,0,0.0000,0.0000,0.0000,-144.6181,456.4157,0.5123,,,,,,,
11.3166,0,0,0,0,0.0000,0.0000,0.0000,-144.6181,456.4157,0.5123,,,,,,,
11.3266,0,0,0,0,0.0000,0.0000,0.0000,-144.6181,456.4157,0.5123,,,,,,,
11.3367,0,0,0,0,0.0000,0.0000,0.0000,-144.6181,456.4157,0.5123,,,,,,,
11.3468,0,0,0,0,0.0000,0.0000,0.0000,-144.6181,456.4157,0.5123,,,,,,,
11.3569,0,0,0,0,0.0000,0.0000,0.0000,-144.6181,456.4157,0.5123,,,,,,,
11.3570,,,,,,,,,,,-79.9597,500.6810,0.2628,0.5012,0.0129,-0.0004,1
11.3669,0,0,0,0,0.0000,0.0000,0.0000,-144.6181,456.4157,0.5123,,,,,,,
11.3770,0,0,0,0,0.0000,0.0000,0.0000,-144.6181,456.4157,0.5123,,,,,,,
11.3871,0,0,0,0,0.0000,0.0000,0.0000,-144.6181,456.4157,0.5123,,,,,,,
11.3972,0,0,0,0,0.0000,0.0000,0.0000,-144.6181,456.4157,0.5123,,,,,,,
11.4072,0,0,0,0,0.0000,0.0000,0.0000,-144.6181,456.4157,0.5123,,,,,,,
11.4173,0,0,0,0,0.0000,0.0000,0.0000,-144.6181,456.4157,0.5123,,,,,,,
11.4274,0,0,0,0,0.0000,0.0000,0.0000,-144.6181,456.4157,0.5123,,,,,,,
11.4374,0,0,0,0,0.0000,0.0000,0.0000,-144.6181,456.4157,0.5123,,,,,,,
11.4475,0,0,0,0,0.0000,0.0000,0.0000,-144.6181,456.4157,0.5123,,,,,,,
11.4576,0,0,0,0,0.0000,0.0000,0.0000,-144.6181,456.4157,0.5123,,,,,,,
11.4677,0,0,0,0,0.0000,0.0000,0.0000,-144.6181,456.4157,0.5123,,,,,,,
11.4777,0,0,0,0,0.0000,0.0000,0.0000,-144.6181,456.4157,0.5123,,,,,,,
11.4878,0,0,0,0,0.0000,0.0000,0.0000,-144.6181,456.4157,0.5123,,,,,,,
11.4913,,,,,,,,,,,-79.9882,500.6540,0.2628,-0.0345,-0.0187,0.0000,1
11.4979,0,0,0,0,0.0000,0.0000,0.0000,-144.6181,456.4157,0.5123,,,,,,,
11.5079,0,0,0,0,0.0000,0.0000,0.0000,-144.6181,456.4157,0.5123,,,,,,,
11.5180,0,0,0,0,0.0000,0.0000,0.0000,-144.6181,456.4157,0.5123,,,,,,,
11.5281,0,0,0,0,0.0000,0.0000,0.0000,-144.6181,456.4157,0.5123,,,,,,,
11.5382,0,0,0,0,0.0000,0.0000,0.0000,-144.6181,456.4157,0.5123,,,,,,,
11.5482,0,0,0,0,0.0000,0.0000,0.0000,-144.6181,456.4157,0.5123,,,,,,,
11.5583,0,0,0,0,0.0000,0.0000,0.0000,-144.6181,456.4157,0.5123,,,,,,,
11.5684,0,0,0,0,0.0000,0.0000,0.0000,-144.6181,456.4157,0.5123,,,,,,,
11.5785,0,0,0,0,0.0000,0.0000,0.0000,-144.6181,456.4157,0.5123,,,,,,,
11.5885,0,0,0,0,0.0000,0.0000,0.0000,-144.6181,456.4157,0.5123,,,,,,,
11.5986,0,0,0,0,0.0000,0.0000,0.0000,-144.6181,456.4157,0.5123,,,,,,,
11.6087,0,0,0,0,0.0000,0.0000,0.0000,-144.6181,456.4157,0.5123,,,,,,,
11.6188,0,0,0,0,0.0000,0.0000,0.0000,-144.6181,456.4157,0.5123,,,,,,,
11.6288,0,0,0,0,0.0000,0.0000,0.0000,-144.6181,456.4157,0.5123,,,,,,,
11.6389,0,0,0,0,0.0000,0.0000,0.0000,-144.6181,456.4157,0.5123,,,,,,,
11.6390,,,,,,,,,,,-80.1754,500.9054,0.2628,-0.1155,0.2914,-0.0001,1
11.6490,0,0,0,0,0.0000,0.0000,0.0000,-144.6181,456.4157,0.5123,,,,,,,
11.6591,0,0,0,0,0.0000,0.0000,0.0000,-144.6181,456.4157,0.5123,,,,,,,
11.6691,0,0,0,0,0.0000,0.0000,0.0000,-144.6181,456.4157,0.5123,,,,,,,
11.6792,0,0,0,0,0.0000,0.0000,0.0000,-144.6181,456.4157,0.5123,,,,,,,
11.6893,0,0,0,0,0.0000,0.0000,0.0000,-144.6181,456.4157,0.5123,,,,,,,
11.6994,0,0,0,0,0.0000,0.0000,0.0000,-144.6181,456.4157,0.5123,,,,,,,
11.7094,0,0,0,0,0.0000,0.0000,0.0000,-144.6181,456.4157,0.5123,,,,,,,
11.7195,0,0,0,0,0.0000,0.0000,0.0000,-144.6181,456.4157,0.5123,,,,,,,
11.7296,0,0,0,0,0.0000,0.0000,0.0000,-144.6181,456.4157,0.5123,,,,,,,
11.7396,0,0,0,0,0.0000,0.0000,0.0000,-144.6181,456.4157,0.5123,,,,,,,
11.7497,0,0,0,0,0.0000,0.0000,0.0000,-144.6181,456.4157,0.5123,,,,,,,
11.7598,0,0,0,0,0.0000,0.0000,0.0000,-144.6181,456.4157,0.5123,,,,,,,
11.7699,0,0,0,0,0.0000,0.0000,0.0000,-144.6181,456.4157,0.5123,,,,,,,
11.7799,0,0,0,0,0.0000,0.0000,0.0000,-144.6181,456.4157,0.5123,,,,,,,
11.7859,,,,,,,,,,,-80.2272,500.8834,0.2627,-0.0557,-0.0078,-0.0001,1
11.7900,0,0,0,0,0.0000,0.0000,0.0000,-144.6181,456.4157,0.5123,,,,,,,
11.8001,0,0,0,0,0.0000,0.0000,0.0000,-144.6181,456.4157,0.5123,,,,,,,
11.8102,0,0,0,0,0.0000,0.0000,0.0000,-144.6181,456.4157,0.5123,,,,,,,
11.8202,0,0,0,0,0.0000,0.0000,0.0000,-144.6181,456.4157,0.5123,,,,,,,
11.8303,0,0,0,0,0.0000,0.0000,0.0000,-144.6181,456.4157,0.5123,,,,,,,
11.8404,0,0,0,0,0.0000,0.0000,0.0000,-144.6181,456.4157,0.5123,,,,,,,
11.8504,0,0,0,0,0.0000,0.0000,0.0000,-144.6181,456.4157,0.5123,,,,,,,
11.8605,0,0,0,0,0.0000,0.0000,0.0000,-144.6181,456.4157,0.5123,,,,,,,
11.8706,0,0,0,0,0.0000,0.0000,0.0000,-144.6181,456.4157,0.5123,,,,,,,
11.8807,0,0,0,0,0.0000,0.0000,0.0000,-144.6181,456.4157,0.5123,,,,,,,
11.8907,0,0,0,0,0.0000,0.0000,0.0000,-144.6181,456.4157,0.5123,,,,,,,
11.9008,0,0,0,0,0.0000,0.0000,0.0000,-144.6181,456.4157,0.5123,,,,,,,
11.9109,0,0,0,0,0.0000,0.0000,0.0000,-144.6181,456.4157,0.5123,,,,,,,
11.9210,0,0,0,0,0.0000,0.0000,0.0000,-144.6181,456.4157,0.5123,,,,,,,
11.9214,,,,,,,,,,,-80.4659,500.7255,0.2628,-0.2715,-0.0904,0.0001,1
11.9310,0,0,0,0,0.0000,0.0000,0.0000,-144.6181,456.4157,0.5123,,,,,,,
11.9411,0,0,0,0,0.0000,0.0000,0.0000,-144.6181,456.4157,0.5123,,,,,,,
11.9512,0,0,0,0,0.0000,0.0000,0.0000,-144.6181,456.4157,0.5123,,,,,,,
11.9613,0,0,0,0,0.0000,0.0000,0.0000,-144.6181,456.4157,0.5123,,,,,,,
11.9713,0,0,0,0,0.0000,0.0000,0.0000,-144.6181,456.4157,0.5123,,,,,,,
11.9814,0,0,0,0,0.0000,0.0000,0.0000,-144.6181,456.4157,0.5123,,,,,,,
11.9915,0,0,0,0,0.0000,0.0000,0.0000,-144.6181,456.4157,0.5123,,,,,,,
12.0016,0,0,0,0,0.0000,0.0000,0.0000,-144.6181,456.4157,0.5123,,,,,,,
12.0117,0,0,0,0,0.0000,0.0000,0.0000,-144.6181,456.4157,0.5123,,,,,,,
12.0218,0,0,0,0,0.0000,0.0000,0.0000,-144.6181,456.4157,0.5123,,,,,,,
12.0319,0,0,0,0,0.0000,0.0000,0.0000,-144.6181,456.4157,0.5123,,,,,,,
12.0419,0,0,0,0,0.0000,0.0000,0.0000,-144.6181,456.4157,0.5123,,,,,,,
12.0520,0,0,0,0,0.0000,0.0000,0.0000,-144.6181,456.4157,0.5123,,,,,,,
12.0621,0,0,0,0,0.0000,0.0000,0.0000,-144.6181,456.4157,0.5123,,,,,,,
12.0700,,,,,,,,,,,-80.3825,500.7857,0.2633,0.0962,0.0365,0.0004,1
12.0722,0,0,0,0,0.0000,0.0000,0.0000,-144.6181,456.4157,0.5123,,,,,,,
12.0823,0,0,0,0,0.0000,0.0000,0.0000,-144.6181,456.4157,0.5123,,,,,,,
12.0923,0,0,0,0,0.0000,0.0000,0.0000,-144.6181,456.4157,0.5123,,,,,,,
12.1024,0,0,0,0,0.0000,0.0000,0.0000,-144.6181,456.4157,0.5123,,,,,,,
12.1125,0,0,0,0,0.0000,0.0000,0.0000,-144.6181,456.4157,0.5123,,,,,,,
12.1226,0,0,0,0,0.0000,0.0000,0.0000,-144.6181,456.4157,0.5123,,,,,,,
12.1326,0,0,0,0,0.0000,0.0000,0.0000,-144.6181,456.4157,0.5123,,,,,,,
12.1427,0,0,0,0,0.0000,0.0000,0.0000,-144.6181,456.4157,0.5123,,,,,,,
12.1528,0,0,0,0,0.0000,0.0000,0.0000,-144.6181,456.4157,0.5123,,,,,,,
12.1629,0,0,0,0,0.0000,0.0000,0.0000,-144.6181,456.4157,0.5123,,,,,,,
12.1729,0,0,0,0,0.0000,0.0000,0.0000,-144.6181,456.4157,0.5123,,,,,,,
12.1830,0,0,0,0,0.0000,0.0000,0.0000,-144.6181,456.4157,0.5123,,,,,,,
12.1931,0,0,0,0,0.0000,0.0000,0.0000,-144.6181,456.4157,0.5123,,,,,,,
12.2031,0,0,0,0,0.0000,0.0000,0.0000,-144.6181,456.4157,0.5123,,,,,,,
12.2132,0,0,0,0,0.0000,0.0000,0.0000,-144.6181,456.4157,0.5123,,,,,,,
12.2165,,,,,,,,,,,-80.1185,501.0229,0.2631,0.3167,0.1603,-0.0001,1
12.2233,0,0,0,0,0.0000,0.0000,0.0000,-144.6181,456.4157,0.5123,,,,,,,
12.2334,0,0,0,0,0.0000,0.0000,0.0000,-144.6181,456.4157,0.5123,,,,,,,
12.2434,0,0,0,0,0.0000,0.0000,0.0000,-144.6181,456.4157,0.5123,,,,,,,
12.2535,0,0,0,0,0.0000,0.0000,0.0000,-144.6181,456.4157,0.5123,,,,,,,
12.2636,0,0,0,0,0.0000,0.0000,0.0000,-144.6181,456.4157,0.5123,,,,,,,
12.2737,0,0,0,0,0.0000,0.0000,0.0000,-144.6181,456.4157,0.5123,,,,,,,
12.2837,0,0,0,0,0.0000,0.0000,0.0000,-144.6181,456.4157,0.5123,,,,,,,
12.2938,0,0,0,0,0.0000,0.0000,0.0000,-144.6181,456.4157,0.5123,,,,,,,
12.3039,0,0,0,0,0.0000,0.0000,0.0000,-144.6181,456.4157,0.5123,,,,,,,
12.3139,0,0,0,0,0.0000,0.0000,0.0000,-144.6181,456.4157,0.5123,,,,,,,
12.3240,0,0,0,0,0.0000,0.0000,0.0000,-144.6181,456.4157,0.5123,,,,,,,
12.3341,0,0,0,0,0.0000,0.0000,0.0000,-144.6181,456.4157,0.5123,,,,,,,
12.3442,0,0,0,0,0.0000,0.0000,0.0000,-144.6181,456.4157,0.5123,,,,,,,
12.3516,,,,,,,,,,,-80.1966,500.9426,0.2628,-0.0963,-0.0572,-0.0003,1
12.3542,0,0,0,0,0.0000,0.0000,0.0000,-144.6181,456.4157,0.5123,,,,,,,
12.3643,0,0,0,0,0.0000,0.0000,0.0000,-144.6181,456.4157,0.5123,,,,,,,
12.3744,0,0,0,0,0.0000,0.0000,0.0000,-144.6181,456.4157,0.5123,,,,,,,
12.3845,0,0,0,0,0.0000,0.0000,0.0000,-144.6181,456.4157,0.5123,,,,,,,
12.3946,0,0,0,0,0.0000,0.0000,0.0000,-144.6181,456.4157,0.5123,,,,,,,
12.4046,0,0,0,0,0.0000,0.0000,0.0000,-144.6181,456.4157,0.5123,,,,,,,
12.4147,0,0,0,0,0.0000,0.0000,0.0000,-144.6181,456.4157,0.5123,,,,,,,
12.4248,0,0,0,0,0.0000,0.0000,0.0000,-144.6181,456.4157,0.5123,,,,,,,
12.4348,0,0,0,0,0.0000,0.0000,0.0000,-144.6181,456.4157,0.5123,,,,,,,
12.4449,0,0,0,0,0.0000,0.0000,0.0000,-144.6181,456.4157,0.5123,,,,,,,
12.4550,0,0,0,0,0.0000,0.0000,0.0000,-144.6181,456.4157,0.5123,,,,,,,
12.4651,0,0,0,0,0.0000,0.0000,0.0000,-144.6181,456.4157,0.5123,,,,,,,
12.4751,0,0,0,0,0.0000,0.0000,0.0000,-144.6181,456.4157,0.5123,,,,,,,
12.4852,0,0,0,0,0.0000,0.0000,0.0000,-144.6181,456.4157,0.5123,,,,,,,
12.4953,0,0,0,0,0.0000,0.0000,0.0000,-144.6181,456.4157,0.5123,,,,,,,
12.5001,,,,,,,,,,,-80.5735,501.0425,0.2634,-0.3380,0.1943,0.0006,1
12.5054,0,0,0,0,0.0000,0.0000,0.0000,-144.6181,456.4157,0.5123,,,,,,,
12.5154,0,0,0,0,0.0000,0.0000,0.0000,-144.6181,456.4157,0.5123,,,,,,,
12.5255,0,0,0,0,0.0000,0.0000,0.0000,-144.6181,456.4157,0.5123,,,,,,,
12.5356,0,0,0,0,0.0000,0.0000,0.0000,-144.6181,456.4157,0.5123,,,,,,,
12.5456,0,0,0,0,0.0000,0.0000,0.0000,-144.6181,456.4157,0.5123,,,,,,,
12.5557,0,0,0,0,0.0000,0.0000,0.0000,-144.6181,456.4157,0.5123,,,,,,,
12.5658,0,0,0,0,0.0000,0.0000,0.0000,-144.6181,456.4157,0.5123,,,,,,,
12.5759,0,0,0,0,0.0000,0.0000,0.0000,-144.6181,456.4157,0.5123,,,,,,,
12.5860,0,0,0,0,0.0000,0.0000,0.0000,-144.6181,456.4157,0.5123,,,,,,,
12.5960,0,0,0,0,0.0000,0.0000,0.0000,-144.6181,456.4157,0.5123,,,,,,,
12.6061,0,0,0,0,0.0000,0.0000,0.0000,-144.6181,456.4157,0.5123,,,,,,,
12.6162,0,0,0,0,0.0000,0.0000,0.0000,-144.6181,456.4157,0.5123,,,,,,,
12.6263,0,0,0,0,0.0000,0.0000,0.0000,-144.6181,456.4157,0.5123,,,,,,,
12.6363,0,0,0,0,0.0000,0.0000,0.0000,-144.6181,456.4157,0.5123,,,,,,,
12.6459,,,,,,,,,,,-80.5448,500.9921,0.2633,0.0145,-0.0560,-0.0001,1
