dist_x_mm_l,dist_y_mm_l,err_x_mm_l,err_y_mm_l,dist_x_mm_r,dist_y_mm_r,err_x_mm_r,err_y_mm_r
0.0,0.0032030749519538757,0.0007484613565096036,-0.0018217895108473628,0.0,0.0031867431485022306,0.000542319505239476,-0.001784954529689975
0.0,0.0,0.0,0.0,0.0,0.0031867431485022306,0.000542319505239476,-0.001784954529689975
0.0,0.0032030749519538757,0.0007484613565096036,-0.0018217895108473628,0.0,0.0,0.0,0.0
0.0,0.0,0.0,0.0,0.0,0.015933715742511154,0.00271159752619738,-0.008924772648449876
-0.006359300476947536,0.028827674567584883,0.006898106228484427,-0.016790309162210627,-0.025388765471278957,0.2198852772466539,0.03766865945975374,-0.12398013289296374
-0.028616852146263912,0.31390134529147984,0.07365338776051121,-0.17927574763006643,0.0,0.0,0.0,0.0
0.0,0.0,0.0,0.0,-0.050777530942557915,0.46526449968132566,0.07964879506152962,-0.26215077303304263
-0.08267090620031796,0.4548366431774504,0.1080228341895202,-0.26293256765614553,-0.11107584893684544,0.5895474824729127,0.10209431225661803,-0.3360264629197927
-0.15580286168521462,0.5349135169762973,0.13018712490371012,-0.31688147495416,0.0,0.0,0.0,0.0
0.0,0.0,0.0,0.0,-0.1904157410345922,0.7711918419375398,0.13518270327262655,-0.4449314033720034
-0.19395866454689983,0.5669442664958361,0.14001584485961402,-0.34080503328484607,0.0,0.0,0.0,0.0
0.0,0.0,0.0,0.0,-0.23484608060933035,0.82855321861058,0.1465576785711529,-0.4823702442915283
-0.2480127186009539,0.643818065342729,0.1612171488034986,-0.39240998630657253,-0.26658203744842907,0.9464627151051624,0.16733601938144557,-0.550758700156483
-0.28298887122416533,0.672645739910314,0.17052040532563636,-0.4150545423699495,0.0,0.0,0.0,0.0
0.0,0.0,0.0,0.0,-0.3364011424944462,1.022944550669216,0.08153091129250195,-0.10759101009298322
-0.32432432432432434,0.7655349135169763,0.04333649615626893,-0.04097602411244582,-0.36496350364963503,1.1536010197578075,0.09160966564263462,-0.12089128288301086
-0.3275039745627981,0.852017937219731,0.04757901315026328,-0.044987457755269904,0.0,0.0,0.0,0.0
0.0,0.0,0.0,0.0,-0.390352269120914,1.217335882727852,0.09679103561749752,-0.12772879788711733
-0.32432432432432434,0.8552210121716849,0.04767587293324969,-0.04507904173540677,0.0,0.0,0.0,0.0
-0.314785373608903,0.8456117873158232,0.047032113486791656,-0.04447034687217743,-0.37448429070136463,1.2523900573613767,0.09897079658692062,-0.13060528584418324
0.0,0.0,0.0,0.0,-0.3268803554427166,1.1918419375398341,0.09357056949755094,-0.12347895942312424
-0.24165341812400637,0.7911595131326074,0.04311964977128283,-0.04077098901528784,0.0,0.0,0.0,0.0
0.0,0.0,0.0,0.0,-0.2602348460806093,1.105799872530274,0.08601086522349984,-0.11350291222881058
-0.26073131955484896,0.8936579115951313,0.04852361864880012,-0.04588061205056,-0.3364011424944462,1.27151051625239,0.09958244620448434,-0.1314124398319582
-0.2861685214626391,0.8872517616912237,0.048593638230774054,-0.04594681777399831,0.0,0.0,0.0,0.0
0.0,0.0,0.0,0.0,-0.37131069501745473,1.3671128107074568,0.10725837626242153,-0.14154186259007845
-0.31160572337042924,0.8872517616912237,0.04901688623558357,-0.046347012113385634,0.0,0.0,0.0,0.0
-0.26391096979332274,0.954516335682255,0.051620447991142966,-0.04880876187943383,-0.34274833386226594,1.2683237731038879,0.09947349878108273,-0.13126866904435158
0.0,0.0,0.0,0.0,-0.23484608060933035,1.2205226258763544,-0.1282949611684038,0.1942193004715831
-0.0985691573926868,0.9352978859705318,-0.20087555020385808,0.42766143902508436,0.0,0.0,0.0,0.0
0.0,0.0,0.0,0.0,-0.20311012377023166,1.258763543658381,-0.13161184389698968,0.1992405627053089
-0.21939586645468998,0.8936579115951313,-0.1965434437129666,0.4184384405365954,-0.2411932719771501,1.1536010197578075,-0.12165105130545843,0.18416141889754595
-0.23529411764705882,0.9128763613068546,-0.2013528792974927,0.4286776664697144,0.0,0.0,0.0,0.0
0.0,0.0,0.0,0.0,-0.26658203744842907,1.3001912045889101,-0.1369993855076311,0.20739649146003872
-0.2289348171701113,0.9993593850096093,-0.21898125086911147,0.46620824072992895,-0.26658203744842907,1.3352453792224346,-0.1405458656838342,0.21276532974242743
-0.23529411764705882,0.9961563100576554,-0.21862267097742114,0.4654448287948771,0.0,0.0,0.0,0.0
0.0,0.0,0.0,0.0,-0.2697556331323389,1.341618865519439,-0.14125528059920225,0.21383927736556152
-0.20031796502384738,0.9705317104420244,-0.21166422350258882,0.4506303844414094,0.0,0.0,0.0,0.0
0.0,0.0,0.0,0.0,-0.18406854966677244,1.2141491395793498,-0.12675813759974244,0.1918927804295227
-0.15580286168521462,1.005765534913517,-0.21738258281819392,0.46280469720019135,-0.13963821009203425,1.134480560866794,-0.1179863299443641,0.1786135812218267
-0.18124006359300476,0.9929532351057015,-0.21558770413769324,0.4589834237868797,0.0,0.0,0.0,0.0
0.0,0.0,0.0,0.0,-0.2570612503966994,1.325685149776928,-0.1393878652994696,0.21101229109968678
-0.2670906200317965,0.954516335682255,0.1593520161827104,-0.0923478669668743,-0.2824500158679784,1.3224984066284258,0.17560805278091274,-0.04370341872195392
-0.21621621621621623,1.1210762331838566,0.1835568277605741,-0.10637506770833154,0.0,0.0,0.0,0.0
0.0,0.0,0.0,0.0,-0.24754046334496985,1.4531548757170172,0.1914199043681305,-0.04763850005645112
-0.23211446740858505,1.079436258808456,0.177507742404836,-0.10286949468148972,0.0,0.0,0.0,0.0
-0.2066772655007949,0.9833440102498399,0.16154624957430327,-0.09361947167069404,-0.22849888924151063,1.297004461440408,0.17101821462154423,-0.04256114981248005
0.0,0.0,0.0,0.0,-0.18724214535068232,1.1790949649458253,0.1550317230312486,-0.038582605976922944
-0.14308426073131955,0.9385009609224856,0.1526262261477672,-0.0884501292521415,0.0,0.0,0.0,0.0
0.0,0.0,0.0,0.0,-0.17137416693113297,1.297004461440408,0.16988831906974963,-0.042279953719076745
-0.1971383147853736,1.079436258808456,0.1764112873257852,-0.10223407575049083,-0.22215169787369088,1.27151051625239,0.1676150330379972,-0.04171420306159184
-0.19395866454689983,0.9833440102498399,0.16113809850294586,-0.09338293948401068,0.0,0.0,0.0,0.0
0.0,0.0,0.0,0.0,-0.2602348460806093,1.4563416188655194,0.19211096536973885,-0.04781048378861734
-0.2480127186009539,1.1242793081358105,0.1850959882926664,-0.10726704382173916,-0.24436686766105997,1.3224984066284258,0.1746421319444434,-0.04346303086900536
-0.2543720190779014,1.0089686098654709,0.16728748005604333,-0.09694663628055997,0.0,0.0,0.0,0.0
0.0,0.0,0.0,0.0,-0.23167248492542047,1.2109623964308476,0.040523184380768434,-0.275542676006681
-0.15580286168521462,0.9577194106342088,-0.009883155388623617,-0.14721372028675062,0.0,0.0,0.0,0.0
0.0,0.0,0.0,0.0,-0.18089495398286257,1.1822817080943275,0.039310910128140523,-0.26729965915774795
-0.1494435612082671,1.034593209481102,-0.010647287434829112,-0.15859578571918578,-0.24754046334496985,1.411727214786488,0.047107910350625046,-0.32031637881978087
-0.2480127186009539,1.1146700832799488,-0.01163118535764428,-0.17325135551491663,0.0,0.0,0.0,0.0
0.0,0.0,0.0,0.0,-0.3014915899714376,1.4021669853409815,0.04713908084974311,-0.3205283266928491
-0.21303656597774245,1.1146700832799488,-0.011559043917712192,-0.17217677868781642,-0.22532529355760075,1.3479923518164436,0.04491989737287619,-0.30543869928301703
-0.13672496025437203,1.0217809096732864,-0.010500178668661602,-0.15640453931024625,0.0,0.0,0.0,0.0
0.0,0.0,0.0,0.0,-0.14281180577594413,1.1918419375398341,0.03945312983730592,-0.2682667006142166
-0.13672496025437203,1.031390134529148,-0.010597197380471882,-0.15784967347452944,0.0,0.0,0.0,0.0
-0.11446740858505565,0.9577194106342088,-0.009824344205916574,-0.1463377031990568,-0.12377023167248492,1.1217335882727852,0.037092373319128694,-0.2522144288503155
0.0,0.0,0.0,0.0,-0.12694382735639478,1.1790949649458253,0.03897790395903896,-0.2650353402903362
-0.17170111287758347,1.0409993593850095,-0.010746429889496853,-0.1600725539188236,0.0,0.0,0.0,0.0
0.0,0.0,0.0,0.0,-0.26658203744842907,1.3926067558954747,0.046602642321216865,-0.31688074297202595
-0.21621621621621623,1.0474055092889174,-0.010893357297547337,-0.16226109892299292,-0.23167248492542047,1.3448056086679414,0.04485153916738369,-0.3049738887515585
-0.1589825119236884,1.1947469570787956,-0.15507663460439738,0.46568262619608985,0.0,0.0,0.0,0.0
0.0,0.0,0.0,0.0,-0.13963821009203425,1.3702995538559593,-0.14450380031717389,0.4159968259569227
-0.13354531001589826,1.08263933376041,-0.14035309205891003,0.4214690154417461,0.0,0.0,0.0,0.0
-0.0985691573926868,1.053811659192825,-0.13618008008932142,0.4089377970663724,-0.1364646144081244,1.1536010197578075,-0.12186912426017514,0.3508362324250751
0.0,0.0,0.0,0.0,-0.11424944462075531,1.2205226258763544,-0.1286058445515521,0.37022986949497405
-0.13354531001589826,1.0666239590006406,-0.13830821059074272,0.41532840132031446,0.0,0.0,0.0,0.0
0.0,0.0,0.0,0.0,-0.1364646144081244,1.3193116634799236,-0.13914858277504302,0.40058025217169674
-0.1589825119236884,1.105060858424087,-0.1436461018028477,0.4313576581090196,-0.18089495398286257,1.3511790949649458,-0.14301809253642156,0.41171977774271723
-0.16534181240063592,1.1467008327994876,-0.14906561536827304,0.44763202024159215,0.0,0.0,0.0,0.0
0.0,0.0,0.0,0.0,-0.18406854966677244,1.354365838113448,-0.14339392475708324,0.4128017216815232
-0.14308426073131955,1.105060858424087,-0.14336911092365942,0.430525876839186,-0.18089495398286257,1.2460165710643722,-0.1320910781435629,0.38026314272939865
-0.15580286168521462,1.0153747597693787,-0.13217181843505285,0.3969013106001647,0.0,0.0,0.0,0.0
0.0,0.0,0.0,0.0,-0.13963821009203425,1.188655194391332,-0.1255603774743652,0.361462593929312
-0.09538950715421304,1.1274823830877643,0.06239877212386018,0.1027099045782616,0.0,0.0,0.0,0.0
0.0,0.0,0.0,0.0,-0.13011742304030466,1.2778840025493945,0.07052484119505344,0.1464186404260613
-0.1589825119236884,1.1659192825112108,0.06489129657713286,0.10681266077106699,-0.2094573151380514,1.4563416188655194,0.0807830313969151,0.16771596257719398
-0.19395866454689983,1.1755285073670725,0.06570270605855587,0.10814826061661247,0.0,0.0,0.0,0.0
0.0,0.0,0.0,0.0,-0.20628371945414153,1.4021669853409815,0.07781447365783165,0.1615528549286319
-0.16534181240063592,1.1242793081358105,0.06266688805888393,0.1031512299627986,-0.15867978419549347,1.2651370299553855,0.07000643137121285,0.14534235495977685
-0.09538950715421304,1.105060858424087,0.06116679519285944,0.1006820404277534,0.0,0.0,0.0,0.0
0.0,0.0,0.0,0.0,-0.07616629641383688,1.2364563416188654,0.06801616568280872,0.1412103074252521
-0.07631160572337042,1.08263933376041,0.059851840304126096,0.09851759252998979,0.0,0.0,0.0,0.0
-0.19395866454689983,1.060217809096733,0.059437577095193664,0.09783570515926916,-0.13329101872421453,1.163161249203314,0.06428117569208007,0.1334559878524518
0.0,0.0,0.0,0.0,-0.24754046334496985,1.3448056086679414,0.07507684221992039,0.1558691799804248
-0.20349761526232116,1.105060858424087,0.06196484651895045,0.10199565242301284,0.0,0.0,0.0,0.0
0.0,0.0,0.0,0.0,-0.18089495398286257,1.3639260675589546,0.07554195489377218,0.15683481370885757
-0.16216216216216217,1.1434977578475336,0.06369076894606249,0.10483656293718582,-0.17454776261504282,1.3766730401529637,0.07619118787730744,0.15818270487965905
-0.1271860095389507,1.0121716848174247,0.05625661150518107,0.09259975802286716,0.0,0.0,0.0,0.0
0.0,0.0,0.0,0.0,-0.10790225325293556,1.188655194391332,0.053273525161904735,-0.33522091665587717
-0.08267090620031796,1.105060858424087,0.010880183034159746,-0.22942819651222532,0.0,0.0,0.0,0.0
0.0,0.0,0.0,0.0,-0.14915899714376388,1.3033779477374123,0.05855571473466583,-0.36845882282314724
0.0,0.0,0.0,0.0,-0.23801967629324022,1.3161249203314211,0.05969789504223237,-0.3756459336539984
-0.17170111287758347,1.130685458039718,0.01122872585718572,-0.23677784780421798,0.0,0.0,0.0,0.0
0.0,0.0,0.0,0.0,-0.19993652808632179,1.3479923518164436,0.060825575220189436,-0.3827418031651782
-0.17488076311605724,1.0730301089045484,0.010674377961624406,-0.22508842699946938,-0.24436686766105997,1.449968132568515,0.06563170167130547,-0.4129841066284989
-0.38791732909379967,2.187700192184497,0.021814646537223332,-0.46000099418119095,0.0,0.0,0.0,0.0
0.0,0.0,0.0,0.0,-0.22849888924151063,1.2396430847673676,0.05626332905042249,-0.35403410382688344
-0.16216216216216217,0.9961563100576554,0.009909346771013978,-0.20895637060057573,-0.15550618851158363,1.2619502868068833,0.05675293217547243,-0.3571149063057512
-0.11128775834658187,1.1082639333760411,0.01093603537981323,-0.23060594351280655,0.0,0.0,0.0,0.0
0.0,0.0,0.0,0.0,-0.17454776261504282,1.3320586360739324,0.05996442905967628,-0.37732308524807784
-0.17170111287758347,1.1274823830877643,0.011197634427708,-0.23612222918367967,0.0,0.0,0.0,0.0
0.0,0.0,0.0,0.0,-0.218978102189781,1.3224984066284258,0.05983315503440008,-0.37649705019685015
-0.15262321144674085,1.1274823830877643,0.011170969069846262,-0.23555994223093596,-0.20311012377023166,1.3894200127469725,0.06267560015311378,-0.3943829898890971
-0.13036565977742448,1.1499039077514415,-0.0008802515519585483,0.25176855140466947,0.0,0.0,0.0,0.0
0.0,0.0,0.0,0.0,-0.16185337987940335,1.3161249203314211,0.04374711263480278,0.18786176044130562
-0.10492845786963434,1.0089686098654709,-0.0007715881821089972,0.22068877749583618,-0.13329101872421453,1.2492033142128744,0.04144615617794833,0.17798084020110713
-0.12400635930047695,1.130685458039718,-0.0008651873945159429,0.24745991816338983,0.0,0.0,0.0,0.0
0.0,0.0,0.0,0.0,-0.218978102189781,1.3766730401529637,0.04598851508256169,0.19748693989505678
-0.1685214626391097,1.0666239590006406,-0.0008213672206890276,0.23492652170171247,0.0,0.0,0.0,0.0
-0.13036565977742448,1.130685458039718,-0.000865728082748005,0.24761456519882524,-0.20628371945414153,1.287444231994901,0.04301557237975045,0.18472033162759047
0.0,0.0,0.0,0.0,-0.17454776261504282,1.437221159974506,0.047763475266057745,0.20510909195725985
-0.10810810810810811,1.156310057655349,-0.0008833569228138665,0.2526567460577527,0.0,0.0,0.0,0.0
0.0,0.0,0.0,0.0,-0.1364646144081244,1.2746972594008923,0.0422935856381557,0.1816199281467132
-0.11128775834658187,1.1082639333760411,-0.0008472154590823245,0.24231960555616655,-0.12694382735639478,1.2045889101338432,0.03996041598735138,0.17160067586674382
-0.09220985691573927,1.0409993593850095,-0.0007949130367218739,0.2273601259808713,0.0,0.0,0.0,0.0
0.0,0.0,0.0,0.0,-0.17137416693113297,1.3097514340344167,0.04357806278860661,0.1871358153492522
-0.12082670906200318,1.1146700832799488,0.01780129534244967,0.019125509899944493,0.0,0.0,0.0,0.0
-0.13990461049284578,1.156310057655349,0.018492634623840203,0.01986827698605226,-0.18089495398286257,1.3894200127469725,0.06043160565404969,0.029793597902297686
0.0,0.0,0.0,0.0,-0.1967629324024119,1.341618865519439,0.05848318130362291,0.02883299837806891
-0.1685214626391097,1.08263933376041,0.01739606827829825,0.018690138536340852,0.0,0.0,0.0,0.0
0.0,0.0,0.0,0.0,-0.2411932719771501,1.341618865519439,0.05879183119308588,0.028985166942840982
-0.17170111287758347,1.0409993593850095,0.016751266967517216,0.017997371318247905,-0.18724214535068232,1.2938177182919057,0.05638384885753246,0.027797999124199602
-0.1271860095389507,1.0922485586162716,0.017458813765797047,0.018757551576754457,0.0,0.0,0.0,0.0
0.0,0.0,0.0,0.0,-0.18089495398286257,1.3224984066284258,0.05757063083267835,0.028383098669090178
-0.16216216216216217,1.0986547085201794,0.017632336554164903,0.01894398249332273,-0.22849888924151063,1.3033779477374123,0.057072177592362064,0.028137354488468932
-0.16534181240063592,1.0634208840486867,0.017086803141839014,0.018357867579914776,0.0,0.0,0.0,0.0
0.0,0.0,0.0,0.0,-0.218978102189781,1.3894200127469725,0.06066553375678559,0.029908927616865574
-0.1494435612082671,1.0409993593850095,0.016697398244002543,0.01793949537242162,0.0,0.0,0.0,0.0
-0.15262321144674085,1.085842408712364,0.017409395759595495,0.01870445743115094,-0.22849888924151063,1.3607393244104524,0.05951054975129271,0.02933950490054339
0.0,0.0,0.0,0.0,-0.16502697556331322,1.2205226258763544,0.053120293730948134,0.02618902236243587
-0.11764705882352941,1.0954516335682256,0.01749250903063989,0.01879375338729328,0.0,0.0,0.0,0.0
0.0,0.0,0.0,0.0,-0.17454776261504282,1.3097514340344167,0.07207145155611262,-0.06504097291222898
-0.17170111287758347,1.034593209481102,0.023696098765213863,0.14892607437000355,-0.23167248492542047,1.284257488846399,0.0711799381150072,-0.06423642547601312
-0.1971383147853736,1.0153747597693787,0.023370532598738208,0.14687994468421378,0.0,0.0,0.0,0.0
0.0,0.0,0.0,0.0,-0.218978102189781,1.312938177182919,0.07260287826590106,-0.06552055962083403
-0.13354531001589826,1.0890454836643177,0.024791012674596023,0.15580742779079423,0.0,0.0,0.0,0.0
-0.12400635930047695,1.031390134529148,0.02347182286311136,0.14751653729781047,-0.16185337987940335,1.3161249203314211,0.0723282837279321,-0.06527275143159587
0.0,0.0,0.0,0.0,-0.14281180577594413,1.2460165710643722,0.06840840015877471,-0.06173524753045468
-0.11128775834658187,1.1018577834721333,0.025022847441153812,0.15726447107998845,0.0,0.0,0.0,0.0
0.0,0.0,0.0,0.0,-0.12059663598857505,1.2109623964308476,0.06637816904918024,-0.05990306288932963
-0.11128775834658187,1.1274823830877643,0.025598963939930813,0.16088526830035635,-0.15233259282767375,1.3033779477374123,0.07157611355315176,-0.0645939545028954
-0.11764705882352941,1.0634208840486867,0.02417430714584034,0.1519315352082275,0.0,0.0,0.0,0.0
0.0,0.0,0.0,0.0,-0.15550618851158363,1.2237093690248566,0.06728349717751778,-0.06072007740756831
-0.1494435612082671,1.0730301089045484,0.024478839712877412,0.15384547218899455,-0.20628371945414153,1.3734862970044615,0.07575646860070316,-0.06836652122023981
-0.16534181240063592,1.1082639333760411,-0.023871821025474322,0.04624734025017393,0.0,0.0,0.0,0.0
0.0,0.0,0.0,0.0,-0.18406854966677244,1.2523900573613767,0.00586510336100643,-0.030126426172193337
-0.13990461049284578,0.9897501601537476,-0.02129529927397701,0.04125579486382431,0.0,0.0,0.0,0.0
0.0,0.0,0.0,0.0,-0.18089495398286257,1.3033779477374123,0.0060968951597703035,-0.031317037502115654
-0.10492845786963434,1.1146700832799488,-0.023851968635277915,0.04620887983095359,-0.1364646144081244,1.2746972594008923,0.005939870580630471,-0.030510472110254577
-0.13672496025437203,1.085842408712364,-0.023315503379370914,0.04516957532226731,0.0,0.0,0.0,0.0
0.0,0.0,0.0,0.0,-0.13329101872421453,1.2523900573613767,0.005835536566615075,-0.02997455470573265
-0.11446740858505565,1.1338885329916721,-0.024279196526417173,0.0470365566816135,-0.15233259282767375,1.287444231994901,0.00600679414185174,-0.03085422866529112
-0.13672496025437203,1.0986547085201794,-0.023586343476817095,0.04569427907765393,0.0,0.0,0.0,0.0
0.0,0.0,0.0,0.0,-0.145985401459854,1.3352453792224346,0.006223528911210644,-0.031967498735082
-0.10810810810810811,1.0666239590006406,-0.02283982958378265,0.04424804328459046,0.0,0.0,0.0,0.0
-0.09220985691573927,1.1434977578475336,-0.02444020964342739,0.04734849050514403,-0.14915899714376388,1.3384321223709368,0.0062398184587822165,-0.03205117089260204
0.0,0.0,0.0,0.0,-0.16185337987940335,1.2938177182919057,0.006041438233419704,-0.03103217994810464
-0.16216216216216217,1.0442024343369636,-0.02251239667452241,0.04361370118109098,0.0,0.0,0.0,0.0
0.0,0.0,0.0,0.0,-0.18406854966677244,1.1663479923518163,0.0054709845762963664,-0.028102013346056057
-0.12400635930047695,1.0153747597693787,0.0052276900345270974,0.2251307146903748,-0.13963821009203425,1.2906309751434033,0.040518395783900686,0.32518752099592396
-0.057233704292527825,1.0922485586162716,0.0055896605811784576,0.24071899313195572,0.0,0.0,0.0,0.0
0.0,0.0,0.0,0.0,-0.12059663598857505,1.2492033142128744,0.03917152976641988,0.3143780105781334
-0.06041335453100159,1.085842408712364,0.005557845695329731,0.23934888359187004,0.0,0.0,0.0,0.0
-0.034976152623211444,1.053811659192825,0.005388533857942661,0.23205746143318431,-0.08251348778165661,1.1918419375398341,0.03728893631847923,0.2992689253210553
0.0,0.0,0.0,0.0,-0.08251348778165661,1.147227533460803,0.03589988104850234,0.2881208176274732
-0.057233704292527825,1.0249839846252402,0.005246402707077459,0.22593657680484708,0.0,0.0,0.0,0.0
0.0,0.0,0.0,0.0,-0.11424944462075531,1.2077756532823454,0.037865502539681316,0.3038962590675012
-0.06995230524642289,0.9993593850096093,0.005119783240381785,0.22048370357735284,-0.09838146620120596,1.1217335882727852,0.035146062668774826,0.28207091546717705
-0.08267090620031796,0.9833440102498399,0.0050431676983685395,0.21718425169403308,0.0,0.0,0.0,0.0
0.0,0.0,0.0,0.0,-0.12694382735639478,1.1950286806883366,0.03750921154436486,0.301036782938731
-0.08267090620031796,0.9609224855861628,0.004928993298697524,0.21226732585728433,-0.11424944462075531,1.1249203314212874,0.035291747454539966,0.28324013437165824
-0.057233704292527825,1.0377962844330557,0.005311780155429844,0.22875205966151899,0.0,0.0,0.0,0.0
0.0,0.0,0.0,0.0,-0.072992700729927,1.0994263862332696,0.0640128320528954,-0.27154575076329884
-0.06041335453100159,0.9737347853939783,0.027697674493211116,-0.11263255555262641,0.0,0.0,0.0,0.0
0.0,0.0,0.0,0.0,-0.11107584893684544,1.201402166985341,0.07009427139061547,-0.2973435315788402
-0.0794912559618442,1.0442024343369636,0.029730885192882407,-0.12090060408995223,-0.1047286575690257,1.1440407903123009,0.06674203970856613,-0.2831231910683248
-0.07313195548489666,1.0409993593850095,0.02962701309984997,-0.12047820836529632,0.0,0.0,0.0,0.0
0.0,0.0,0.0,0.0,-0.11107584893684544,1.2141491395793498,0.07083170671159553,-0.30047177042491147
-0.0890302066772655,1.0409993593850095,0.029662060913144713,-0.12062073025026128,-0.1364646144081244,1.2938177182919057,0.07558251208957811,-0.3206249330287561
-0.0985691573926868,1.0506085842408712,0.02995796789852216,-0.12182403560274149,0.0,0.0,0.0,0.0
0.0,0.0,0.0,0.0,-0.13963821009203425,1.2619502868068833,0.07376166204250861,-0.31290079277121674
-0.13036565977742448,1.0666239590006406,0.03050700203631483,-0.12405668217530406,0.0,0.0,0.0,0.0
-0.15580286168521462,1.034593209481102,0.029703492288966123,-0.12078921088353504,-0.18406854966677244,1.2778840025493945,0.07500609233609305,-0.318179730563951
0.0,0.0,0.0,0.0,-0.1682005712472231,1.2651370299553855,0.07414606961915768,-0.3145314696316627
-0.10492845786963434,1.1178731582319026,0.03187613709639061,-0.12962426802987936,0.0,0.0,0.0,0.0
0.0,0.0,0.0,0.0,-0.145985401459854,1.3097514340344167,0.07656244796533984,-0.3247818717947792
-0.09538950715421304,1.0890454836643177,0.031036588109733233,-0.12621024322061186,-0.17137416693113297,1.3352453792224346,0.07820865387874278,-0.3317651625871097
-0.11764705882352941,1.1595131326073032,-0.10895906417319401,0.2764896619038459,0.0,0.0,0.0,0.0
0.0,0.0,0.0,0.0,-0.14915899714376388,1.297004461440408,-0.0673134424184974,0.1654429479055044
-0.10174880763116058,1.0762331838565022,-0.10106535666996878,0.25645894178619333,0.0,0.0,0.0,0.0
-0.11128775834658187,1.0730301089045484,-0.10085532885295186,0.2559259845645242,-0.14915899714376388,1.3575525812619502,-0.07041572463415516,0.17306773571240758
0.0,0.0,0.0,0.0,-0.15550618851158363,1.2810707456978967,-0.06653599820293286,0.16353214586903425
-0.1271860095389507,1.105060858424087,-0.10399380199151878,0.2638900340317383,0.0,0.0,0.0,0.0
0.0,0.0,0.0,0.0,-0.1682005712472231,1.3288718929254302,-0.06906240545916557,0.16974154846476514
-0.13990461049284578,1.031390134529148,-0.09730739380546409,0.24692290281836107,-0.17454776261504282,1.3097514340344167,-0.06812694122750824,0.16744236490521183
-0.0985691573926868,1.0442024343369636,-0.09805612782473387,0.24882285687371852,0.0,0.0,0.0,0.0
0.0,0.0,0.0,0.0,-0.13011742304030466,1.2651370299553855,-0.06557370109077512,0.1611670124680929
-0.09220985691573927,1.1402946828955798,-0.10695377123813908,0.27140111998364175,-0.11742304030466517,1.2109623964308476,-0.0627292514022633,0.1541759253281642
-0.09538950715421304,1.0698270339525946,-0.10041457631660447,0.2548075505849129,0.0,0.0,0.0,0.0
0.0,0.0,0.0,0.0,-0.12377023167248492,1.287444231994901,-0.06668580186494463,0.1639003332408252
-0.06995230524642289,1.0698270339525946,0.11076436043285731,-0.2292257766090673,0.0,0.0,0.0,0.0
0.0,0.0,0.0,0.0,-0.12059663598857505,1.27151051625239,0.1500246348366136,-0.20614192740127343
-0.10174880763116058,1.1499039077514415,0.11926558764163271,-0.2468189844012337,-0.16185337987940335,1.3193116634799236,0.15613101916081976,-0.21453242830411298
-0.11764705882352941,1.0954516335682256,0.11382652806159554,-0.23556290301020927,0.0,0.0,0.0,0.0
0.0,0.0,0.0,0.0,-0.16185337987940335,1.3320586360739324,0.15761726975608947,-0.2165746166596711
-0.12400635930047695,1.0762331838565022,0.11192584247242467,-0.23162945249810651,-0.17454776261504282,1.287444231994901,0.15260950280777308,-0.2096936751941139
-0.16534181240063592,1.0474055092889174,0.10955185886959641,-0.2267165163073598,0.0,0.0,0.0,0.0
0.0,0.0,0.0,0.0,-0.19358933671850204,1.312938177182919,0.15588797518687955,-0.21419847279550025
-0.14308426073131955,1.0634208840486867,0.11085653750755835,-0.2294165361769583,0.0,0.0,0.0,0.0
-0.14626391096979333,1.0890454836643177,0.11352408824417022,-0.23493700672230675,-0.18406854966677244,1.3288718929254302,0.1575824704530951,-0.21652680054334264
0.0,0.0,0.0,0.0,-0.22849888924151063,1.3734862970044615,0.16355003464232834,-0.22472655510497905
-0.14308426073131955,1.1242793081358105,0.11709092611759964,-0.24231854333191963,0.0,0.0,0.0,0.0
0.0,0.0,0.0,0.0,-0.1967629324024119,1.3448056086679414,0.15964562958080583,-0.2193616922901881
-0.13990461049284578,1.105060858424087,0.11507982564559077,-0.23815659028372288,-0.15550618851158363,1.27151051625239,0.15046720121999824,-0.20675003744515574
-0.14308426073131955,1.0121716848174247,0.10561141410530435,-0.2185618038371198,0.0,0.0,0.0,0.0
0.0,0.0,0.0,0.0,-0.19993652808632179,1.3479923518164436,-0.0027216635650007467,0.4215077262207896
-0.1589825119236884,1.053811659192825,-0.031611356910671205,0.47793396000646454,0.0,0.0,0.0,0.0
-0.1494435612082671,1.0666239590006406,-0.03194670078880498,0.483004043777095,-0.1682005712472231,1.2268961121733588,-0.0024732776398201798,0.3830398612376026
0.0,0.0,0.0,0.0,-0.19993652808632179,1.2906309751434033,-0.002608395267572644,0.403965711434033
-0.20031796502384738,1.130685458039718,-0.03406010613925501,0.5149567432797999,0.0,0.0,0.0,0.0
0.0,0.0,0.0,0.0,-0.18724214535068232,1.3097514340344167,-0.0026424319416928775,0.4092370173004264
-0.0985691573926868,1.0922485586162716,-0.0325293988400412,0.4918138898049749,-0.12377023167248492,1.2396430847673676,-0.0024881257632245295,0.38533941023965257
-0.11128775834658187,1.085842408712364,-0.032376441849947306,0.48950132409661823,0.0,0.0,0.0,0.0
0.0,0.0,0.0,0.0,-0.145985401459854,1.2555768005098789,-0.00252453184858722,0.39097767003750655
-0.13672496025437203,1.0217809096732864,-0.030577693643542687,0.4623059444180168,-0.15550618851158363,1.3065646908859145,-0.0026278892053965036,0.40698476401381883
-0.11446740858505565,1.130685458039718,-0.0337092648177688,0.5096523527537734,0.0,0.0,0.0,0.0
0.0,0.0,0.0,0.0,-0.15867978419549347,1.3352453792224346,-0.0026855179816358222,0.4159098107205065
-0.1271860095389507,1.1178731582319026,-0.03337172634611158,0.5045490887948889,0.0,0.0,0.0,0.0
0.0,0.0,0.0,0.0,-0.1904157410345922,1.3097514340344167,0.0706435891877932,-0.345149269320033
-0.12400635930047695,1.1082639333760411,0.01711736695871984,-0.19615031559616103,-0.16502697556331322,1.3033779477374123,0.07012388072375764,-0.3426100863781177
-0.11764705882352941,0.9609224855861628,0.01485973591652557,-0.1702798039401315,0.0,0.0,0.0,0.0
0.0,0.0,0.0,0.0,-0.1777213582989527,1.230082855321861,0.06633802128820873,-0.32411319751741063
-0.11446740858505565,1.0153747597693787,0.015684138508125365,-0.17972674919231685,-0.1364646144081244,1.1982154238368388,0.06436880082952261,-0.3144920130580709
-0.11128775834658187,1.1274823830877643,0.01739030021119598,-0.19927789612528027,0.0,0.0,0.0,0.0
0.0,0.0,0.0,0.0,-0.15550618851158363,1.3161249203314211,0.0707374921606835,-0.3456080588981489
-0.13036565977742448,1.162716207559257,0.01795884899425634,-0.20579297659869927,0.0,0.0,0.0,0.0
-0.11128775834658187,1.0954516335682256,0.01690109341255974,-0.19367200661109868,-0.1777213582989527,1.2906309751434033,0.06953813209278284,-0.3397482454904934
0.0,0.0,0.0,0.0,-0.15233259282767375,1.3671128107074568,0.07342193919745174,-0.3587236854386671
-0.13354531001589826,1.111467008327995,0.017183079463350258,-0.19690332442940944,0.0,0.0,0.0,0.0
0.0,0.0,0.0,0.0,-0.14915899714376388,1.2396430847673676,0.06664383559248309,-0.3256073399425261
-0.10492845786963434,1.005765534913517,0.015521704401117728,-0.1778653939132038,-0.16185337987940335,1.2332695984703632,0.06639086033425441,-0.3243713576469272
-0.13672496025437203,1.0762331838565022,0.016652328186182192,-0.1908213708923587,0.0,0.0,0.0,0.0
0.0,0.0,0.0,0.0,-0.15867978419549347,1.201402166985341,0.06468236182053015,-0.3160240041159689
-0.14308426073131955,0.9929532351057015,0.0009787594656202026,0.34520532339882143,0.0,0.0,0.0,0.0
-0.12400635930047695,1.0634208840486867,0.0010445336320632954,0.36840366088196197,-0.18724214535068232,1.3001912045889101,0.05899152133283281,0.19179079256061296
0.0,0.0,0.0,0.0,-0.145985401459854,1.2651370299553855,0.05719193466716676,0.1859400508761888
-0.11764705882352941,1.0986547085201794,0.0010780064933790438,0.38020943167802246,0.0,0.0,0.0,0.0
0.0,0.0,0.0,0.0,-0.18406854966677244,1.3384321223709368,0.060672225703195366,0.1972550290469589
-0.06995230524642289,0.9417040358744395,0.000921284346858176,0.32493403340720045,-0.14915899714376388,1.201402166985341,0.05436695422966944,0.1767555914007508
-0.12400635930047695,1.0153747597693787,0.000997988738215468,0.35198742615045747,0.0,0.0,0.0,0.0
0.0,0.0,0.0,0.0,-0.21263091082196126,1.3161249203314211,0.05987108848572146,0.1946504048837301
-0.178060413354531,1.0666239590006406,0.0010550291193000812,0.37210538555801087,-0.2411932719771501,1.3894200127469725,0.06332941461623252,0.2058939716627858
-0.17170111287758347,1.111467008327995,0.0010972413880961291,0.3869935173339872,0.0,0.0,0.0,0.0
0.0,0.0,0.0,0.0,-0.22215169787369088,1.4021669853409815,0.06375410321119483,0.20727470164531536
-0.12400635930047695,1.057014734144779,0.0010383259294000542,0.36621422406862797,0.0,0.0,0.0,0.0
0.0,0.0,0.0,0.0,-0.1967629324024119,1.258763543658381,0.05721516572596734,0.18601557873305227
-0.16534181240063592,0.9320948110185778,0.0009235745531264788,0.3257417818104289,-0.20311012377023166,1.2141491395793498,0.055282835238000816,0.17973326582769128
-0.20985691573926868,0.9577194106342088,0.04475399500147501,0.00295617220147791,0.0,0.0,0.0,0.0
0.0,0.0,0.0,0.0,-0.24436686766105997,1.2810707456978967,0.0773901768354835,0.08618509343355503
-0.19395866454689983,1.0762331838565022,0.0499179760054989,0.0032972728583589832,-0.26658203744842907,1.4308476736775015,0.08636841518386366,0.09618365323228503
-0.1685214626391097,1.1915438821268418,0.054931397498813664,0.0036284284848531216,0.0,0.0,0.0,0.0
0.0,0.0,0.0,0.0,-0.22849888924151063,1.3734862970044615,0.08262368120492691,0.09201335331754837
-0.15262321144674085,1.0762331838565022,0.049618081870511165,0.0032774637060093933,0.0,0.0,0.0,0.0
-0.13672496025437203,1.0986547085201794,0.050536874516759714,0.003338153467441256,-0.1904157410345922,1.354365838113448,0.08115929835759593,0.09038255238543512
0.0,0.0,0.0,0.0,-0.18089495398286257,1.2555768005098789,0.0752759713306447,0.08383062150413152
-0.15580286168521462,1.0121716848174247,0.04674651501524473,0.0030877857540870185,0.0,0.0,0.0,0.0
0.0,0.0,0.0,0.0,-0.23167248492542047,1.3288718929254302,0.08004543779748167,0.08914210843801433
-0.23529411764705882,1.1146700832799488,0.05200230980929798,0.0034349510622643216,-0.28562361155188826,1.4244741873804971,0.08621164203238438,0.09600906377842142
-0.24483306836248012,1.130685458039718,0.05280824453790275,0.0034881861274429393,0.0,0.0,0.0,0.0
0.0,0.0,0.0,0.0,-0.2570612503966994,1.3702995538559593,0.08273281936958171,0.09213489436193616
-0.178060413354531,1.1210762331838566,0.0518149493779018,0.003422575190592261,0.0,0.0,0.0,0.0
-0.14626391096979333,1.137091607943626,-0.09025454416124722,0.11325630861481042,-0.1904157410345922,1.3671128107074568,-0.04601315029402952,0.05227734104228542
0.0,0.0,0.0,0.0,-0.16502697556331322,1.2555768005098789,-0.0422151035503209,0.047962231478027646
-0.10810810810810811,1.0409993593850095,-0.08239294285170257,0.1033911439032181,0.0,0.0,0.0,0.0
0.0,0.0,0.0,0.0,-0.14281180577594413,1.230082855321861,-0.041280704507344,0.046900624152140497
-0.13672496025437203,1.1402946828955798,-0.09041217772956253,0.11345411578592944,-0.22849888924151063,1.421287444231995,-0.04798754016955971,0.05452052265914854
-0.13354531001589826,1.1274823830877643,-0.0893810004716351,0.11216013850372464,0.0,0.0,0.0,0.0
0.0,0.0,0.0,0.0,-0.22849888924151063,1.4244741873804971,-0.048092427594520225,0.05463968936802785
-0.1685214626391097,1.1402946828955798,-0.09074422247866462,0.1138707835883954,-0.2094573151380514,1.3065646908859145,-0.04411094808918697,0.0501161746635764
-0.14308426073131955,1.0185778347213326,-0.08097438568974369,0.10161106125789965,0.0,0.0,0.0,0.0
0.0,0.0,0.0,0.0,-0.16502697556331322,1.1536010197578075,-0.03884721617927813,0.04413584281385365
-0.15262321144674085,1.0954516335682256,-0.08707191839143745,0.10926257677847158,0.0,0.0,0.0,0.0
0.0,0.0,0.0,0.0,-0.17137416693113297,1.2237093690248566,-0.0411908940006144,0.04679858692018655
-0.13990461049284578,1.08263933376041,-0.08593898729041756,0.10784091324220478,-0.22532529355760075,1.408540471637986,-0.04755122409348587,0.05402480688734443
-0.20031796502384738,1.1402946828955798,-0.09114382929157976,0.11437223194148043,0.0,0.0,0.0,0.0
0.0,0.0,0.0,0.0,-0.2411932719771501,1.3479923518164436,0.05744930304648604,-0.1040933845156602
-0.22257551669316375,1.23959000640615,0.009458577092228627,-0.05376375879001632,-0.26340844176451916,1.4754620777565328,0.06287748648982858,-0.11392880385803561
-0.22257551669316375,1.0890454836643177,0.00834813089637932,-0.04745184095704908,0.0,0.0,0.0,0.0
0.0,0.0,0.0,0.0,-0.2570612503966994,1.325685149776928,0.05665128385349388,-0.10264743975563774
-0.18441971383147854,1.0634208840486867,0.008105819566753606,-0.046074512448642795,0.0,0.0,0.0,0.0
-0.16216216216216217,1.005765534913517,0.00765115347956018,-0.04349013240886366,-0.18724214535068232,1.2460165710643722,0.052860000025991755,-0.09577794710148234
0.0,0.0,0.0,0.0,-0.2507140590288797,1.2492033142128744,0.05345183074149386,-0.09685029539763294
-0.26073131955484896,1.1242793081358105,0.008667761938248522,-0.04926866457325416,0.0,0.0,0.0,0.0
0.0,0.0,0.0,0.0,-0.28879720723579816,1.4627151051625238,0.06254867333169666,-0.11333302161720428
-0.19395866454689983,1.1338885329916721,0.008639533662873324,-0.049108211455038596,-0.2729292288162488,1.4913957934990438,0.06360633014793453,-0.11524940827152404
-0.22575516693163752,1.2011531069827035,0.009178971104087136,-0.05217444268505647,0.0,0.0,0.0,0.0
0.0,0.0,0.0,0.0,-0.27610282450015866,1.354365838113448,0.05798722437636582,-0.10506805346482122
-0.1875993640699523,0.9769378603459321,0.007471149531337814,-0.04246696700468999,0.0,0.0,0.0,0.0
-0.13354531001589826,1.0922485586162716,0.00826420248247312,-0.04697478114595032,-0.21263091082196126,1.2651370299553855,0.05381962488376003,-0.09751670795693834
0.0,0.0,0.0,0.0,-0.17454776261504282,1.2651370299553855,0.04514744262685055,-0.09074296620847404
-0.18124006359300476,1.0954516335682256,-0.01810913270299192,0.11738416444981382,0.0,0.0,0.0,0.0
0.0,0.0,0.0,0.0,-0.2729292288162488,1.449968132568515,0.052157896339595874,-0.10483345123593343
-0.18441971383147854,1.1082639333760411,-0.01832376496077696,0.11877541982671605,-0.2792764201840685,1.4690885914595284,0.05286374983021854,-0.10625216369717069
-0.2066772655007949,1.1146700832799488,-0.018489559277621723,0.11985010560391701,0.0,0.0,0.0,0.0
0.0,0.0,0.0,0.0,-0.26340844176451916,1.383046526449968,0.049770838108655374,-0.10003564361306999
-0.20985691573926868,1.053811659192825,-0.017524612717254136,0.11359528116890931,-0.18406854966677244,1.1950286806883366,0.042743587692033895,-0.08591139847333036
-0.09220985691573927,1.031390134529148,-0.016888539816001774,0.10947222970823159,0.0,0.0,0.0,0.0
0.0,0.0,0.0,0.0,-0.12059663598857505,1.24282982791587,0.04414156241771764,-0.08872122259430007
-0.0985691573926868,1.0409993593850095,-0.0170541086404741,0.11054545383433292,0.0,0.0,0.0,0.0
0.0,0.0,0.0,0.0,-0.1967629324024119,1.3288718929254302,0.04748904682120223,-0.09544941463431034
-0.1494435612082671,1.1242793081358105,-0.01849770349109829,0.11990289674028601,-0.22532529355760075,1.4149139579349903,0.050648825521046825,-0.10180033231875363
-0.17170111287758347,1.210762331838565,-0.019944490205754128,0.1292810294439526,0.0,0.0,0.0,0.0
0.0,0.0,0.0,0.0,-0.218978102189781,1.4818355640535372,0.05295316792753187,-0.10643188735173055
-0.15580286168521462,1.0986547085201794,-0.018097778149665785,0.11731056375469774,-0.17137416693113297,1.3161249203314211,0.04691902743520771,-0.09430371851351362
-0.11446740858505565,1.1434977578475336,-0.05093767317154806,0.27538136730535895,0.0,0.0,0.0,0.0
0.0,0.0,0.0,0.0,-0.14915899714376388,1.3511790949649458,-0.010270421539697204,0.15212379265235484
-0.12400635930047695,1.0025624599615632,-0.044776186796877775,0.24207088339739377,0.0,0.0,0.0,0.0
-0.26391096979332274,1.1434977578475336,-0.05201670940079827,0.2812148978473256,-0.2602348460806093,1.3766730401529637,-0.010585218525301207,0.15678651376662586
0.0,0.0,0.0,0.0,-0.29514439860361785,1.507329509241555,-0.011604411523716586,0.17188263263228284
-0.20985691573926868,1.213965406790519,-0.054605837218568994,0.2952123483430482,0.0,0.0,0.0,0.0
0.0,0.0,0.0,0.0,-0.23801967629324022,1.5423836838750795,-0.011790932975659174,0.17464535766463501
-0.2066772655007949,1.1691223574631646,-0.05262363615637727,0.28449609051670155,-0.2094573151380514,1.3193116634799236,-0.010092482251064828,0.14948818520975937
-0.14308426073131955,1.0634208840486867,-0.04755978897540842,0.25711970927085576,0.0,0.0,0.0,0.0
0.0,0.0,0.0,0.0,-0.15233259282767375,1.2778840025493945,-0.00972300604555689,0.1440155644941032
-0.11128775834658187,1.0153747597693787,-0.045274954853967805,0.24476734401245007,0.0,0.0,0.0,0.0
-0.14626391096979333,0.9961563100576554,-0.04462701026010264,0.241264398999713,-0.1364646144081244,1.2077756532823454,-0.009183030453517925,0.13601753494067456
0.0,0.0,0.0,0.0,-0.19358933671850204,1.325685149776928,-0.010122025270222478,0.14992577154477899
-0.1685214626391097,1.1146700832799488,0.0829130566331788,-0.1385883453696695,0.0,0.0,0.0,0.0
-0.2575516693163752,1.1467008327994876,0.08643829107804557,-0.14448073950628548,-0.26658203744842907,1.4563416188655194,0.11661598964128633,-0.1455565365701748
-0.13672496025437203,1.005765534913517,0.07465211899581217,-0.12478027068452358,0.0,0.0,0.0,0.0
0.0,0.0,0.0,0.0,-0.26658203744842907,1.341618865519439,0.10773972435870244,-0.13447745182214654
-0.10492845786963434,1.0762331838565022,0.07952979342755506,-0.13293325474031442,-0.29514439860361785,2.584448693435309,0.20488950123346747,-0.25573685281812886
-0.17170111287758347,1.005765534913517,0.07504193247290022,-0.12543184001493002,0.0,0.0,0.0,0.0
0.0,0.0,0.0,0.0,-0.24754046334496985,1.3320586360739324,0.1067170575516852,-0.13320099017265413
-0.21621621621621623,1.1595131326073032,0.08674951733495341,-0.14500095108371266,0.0,0.0,0.0,0.0
0.0,0.0,0.0,0.0,-0.2411932719771501,1.4913957934990438,0.11899738068306233,-0.1485289165441937
-0.21303656597774245,1.1531069827033953,0.08624359441883638,-0.1441553059865905,-0.28562361155188826,1.4627151051625238,0.11738802266493416,-0.14652016474316928
-0.20985691573926868,1.0281870595771943,0.07717984901939434,-0.12900534615194162,0.0,0.0,0.0,0.0
0.0,0.0,0.0,0.0,-0.1777213582989527,1.2651370299553855,0.1006280474545195,-0.1256008726963927
-0.1271860095389507,0.9897501601537476,0.07339241832350105,-0.12267469360262885,-0.15867978419549347,1.2237093690248566,0.09719351924505942,-0.12131399889410081
-0.1494435612082671,0.9865470852017938,0.0733860378722186,-0.12266402874208877,0.0,0.0,0.0,0.0
0.0,0.0,0.0,0.0,-0.23801967629324022,1.3224984066284258,0.03796280201754057,0.05623744731644526
-0.16216216216216217,1.1082639333760411,-0.010320793127249268,0.16608738720396596,0.0,0.0,0.0,0.0
-0.18124006359300476,1.1531069827033953,-0.01075570057106666,0.17308613624666067,-0.21263091082196126,1.4149139579349903,0.04042222936185187,0.05988080102991524
0.0,0.0,0.0,0.0,-0.2729292288162488,1.465901848311026,0.04212554968413357,0.06240407069907948
-0.19395866454689983,1.08263933376041,-0.010134765609852643,0.16309373895120996,0.0,0.0,0.0,0.0
0.0,0.0,0.0,0.0,-0.22532529355760075,1.341618865519439,0.038433534271421314,0.05693478204730992
-0.13990461049284578,1.0634208840486867,-0.009883285361315473,0.15904679247161566,-0.18089495398286257,1.3448056086679414,0.038334894177568045,0.056788658294937816
-0.16534181240063592,1.1242793081358105,-0.010471055944170488,0.16850549193183437,0.0,0.0,0.0,0.0
0.0,0.0,0.0,0.0,-0.23484608060933035,1.4244741873804971,0.04078672094623938,0.06042075264530993
-0.21939586645468998,1.188340807174888,-0.011134973376629765,0.1791895847449335,0.0,0.0,0.0,0.0
-0.20985691573926868,1.1691223574631646,-0.01094500539708686,0.1761325245960003,-0.2570612503966994,1.5137029955385595,0.0433765860438101,0.06425733462137266
0.0,0.0,0.0,0.0,-0.2729292288162488,1.4945825366475463,0.042922387995752063,0.06358449338096332
-0.2066772655007949,1.057014734144779,-0.009924257879744934,0.15970614281894008,0.0,0.0,0.0,0.0
0.0,0.0,0.0,0.0,-0.26658203744842907,1.395793499043977,0.025207032151229318,-0.12894294546555138
-0.14308426073131955,1.0281870595771943,-0.053505436822554014,0.13248416428191487,-0.14281180577594413,1.2492033142128744,0.022303523148715605,-0.11409046300257311
-0.0890302066772655,1.111467008327995,-0.05747065013815916,0.14230238096257988,0.0,0.0,0.0,0.0
0.0,0.0,0.0,0.0,-0.14281180577594413,1.3479923518164436,0.024045391248362906,-0.12300073859684026
-0.1589825119236884,1.0922485586162716,-0.05688983700519113,0.14086423659642094,-0.2507140590288797,1.4340344168260037,0.02582368276861143,-0.13209733295755616
-0.1875993640699523,1.1659192825112108,-0.06086666638836547,0.15071121568134874,0.0,0.0,0.0,0.0
0.0,0.0,0.0,0.0,-0.25388765471278957,1.4850223072020394,0.02672450900633913,-0.1367053799401755
-0.17488076311605724,1.1242793081358105,-0.05864437666552613,0.14520863100571904,0.0,0.0,0.0,0.0
0.0,0.0,0.0,0.0,-0.23484608060933035,1.3734862970044615,0.02471738483158192,-0.12643822506626515
-0.13036565977742448,1.0730301089045484,-0.05571272603375219,0.13794960637229345,-0.15233259282767375,1.2906309751434033,0.023052975206503266,-0.11792417715172758
-0.12400635930047695,0.9961563100576554,-0.05174011781462315,0.12811307926054907,0.0,0.0,0.0,0.0
0.0,0.0,0.0,0.0,-0.17454776261504282,1.2492033142128744,0.022374456597321332,-0.1144533128509955
-0.17488076311605724,1.034593209481102,-0.05408137731286101,0.13391024355657793,-0.24436686766105997,1.354365838113448,0.024412553743013477,-0.12487890550045232
-0.1907790143084261,1.0986547085201794,-0.05747419807438212,0.14231116596450377,0.0,0.0,0.0,0.0
0.0,0.0,0.0,0.0,-0.2697556331323389,1.4818355640535372,0.026717764751331412,-0.13667088067423858
-0.24483306836248012,1.1402946828955798,-0.013964226490467392,0.17309970516857187,0.0,0.0,0.0,0.0
-0.19395866454689983,1.053811659192825,-0.012829516905035119,0.15903391392518557,-0.2824500158679784,1.395793499043977,0.03156268628699761,0.04935767341664999
0.0,0.0,0.0,0.0,-0.22215169787369088,1.449968132568515,0.032511343712015355,0.050841182232805315
-0.13990461049284578,1.034593209481102,-0.012500219462127609,0.15495196278245912,0.0,0.0,0.0,0.0
0.0,0.0,0.0,0.0,-0.19358933671850204,1.297004461440408,0.02906458505772157,0.04545114709898567
-0.14308426073131955,1.079436258808456,-0.013037441647536237,0.1616113364303823,-0.20628371945414153,1.3097514340344167,0.029386493386302857,0.04595454677820626
-0.1685214626391097,1.08263933376041,-0.01311884182270157,0.16262036806786023,0.0,0.0,0.0,0.0
0.0,0.0,0.0,0.0,-0.2570612503966994,1.4595283620140216,0.03284613614214407,0.051364730047411544
-0.27344992050874406,1.1146700832799488,-0.013741986779965638,0.17034483518770588,0.0,0.0,0.0,0.0
-0.25119236883942764,1.0666239590006406,-0.013120354494730856,0.1626391190586484,-0.31101237702316725,1.3862332695984703,0.03148753393314583,0.04924015029760429
0.0,0.0,0.0,0.0,-0.26340844176451916,1.4276609305289993,0.032176009195814405,0.050316786704950794
-0.13036565977742448,1.085842408712364,-0.013094458653650332,0.16231811578222696,0.0,0.0,0.0,0.0
0.0,0.0,0.0,0.0,-0.15233259282767375,1.2778840025493945,0.02852289136820405,0.04460404745810116
-0.16216216216216217,1.0025624599615632,-0.01215997109890456,0.15073426469526435,-0.22215169787369088,1.2778840025493945,0.028747153824427215,0.044954748693516566
-0.20031796502384738,1.0442024343369636,0.0656875053047653,-0.07049809986548261,0.0,0.0,0.0,0.0
0.0,0.0,0.0,0.0,-0.2411932719771501,1.3671128107074568,0.09942604652820314,-0.00685685006135895
-0.19395866454689983,1.1402946828955798,0.07145961775475962,-0.07669293034422474,-0.2729292288162488,1.4690885914595284,0.10701786767813709,-0.00738041487294969
-0.20349761526232116,1.1531069827033953,0.07234016750226922,-0.07763796675181006,0.0,0.0,0.0,0.0
0.0,0.0,0.0,0.0,-0.23484608060933035,1.3989802421924793,0.10159823534343924,-0.007006653594046031
-0.13354531001589826,1.0121716848174247,0.06307422608149735,-0.06769343832743864,0.0,0.0,0.0,0.0
0.0,0.0,0.0,0.0,-0.15550618851158363,1.163161249203314,0.08404789768211712,-0.0057963064257537545
-0.13354531001589826,0.9385009609224856,0.058564956687748096,-0.06285393464152475,-0.1777213582989527,1.2651370299553855,0.09149995589674467,-0.006310232581026609
-0.12400635930047695,1.0986547085201794,0.06830623538077031,-0.0733086114469835,0.0,0.0,0.0,0.0
0.0,0.0,0.0,0.0,-0.13963821009203425,1.2778840025493945,0.09206804360656977,-0.006349410365761985
-0.14308426073131955,1.2075592568866111,0.07512529060071907,-0.08062705707303947,-0.23484608060933035,1.5041427660930529,0.10903327094711988,-0.007519405796466575
-0.24165341812400637,1.1402946828955798,0.07201233607304217,-0.07728612673703916,0.0,0.0,0.0,0.0
0.0,0.0,0.0,0.0,-0.2697556331323389,1.3607393244104524,0.09935399787753216,-0.0068518812748887565
-0.17170111287758347,1.0506085842408712,0.06576803840541093,-0.07058453077110843,0.0,0.0,0.0,0.0
-0.10810810810810811,1.0217809096732864,-0.016871241101037007,0.22852293537975277,-0.17137416693113297,1.3288718929254302,0.024293923487042034,0.10519616501627307
0.0,0.0,0.0,0.0,-0.13011742304030466,1.2045889101338432,0.02196800748325566,0.09512461589499553
-0.1271860095389507,1.0730301089045484,-0.017742440730908665,0.24032343633446843,0.0,0.0,0.0,0.0
0.0,0.0,0.0,0.0,-0.18406854966677244,1.2746972594008923,0.02335184699715491,0.10111683900946412
-0.1589825119236884,1.057014734144779,-0.017551352473601026,0.23773512352363085,-0.2697556331323389,1.4435946462715106,0.026627541606217275,0.11530106539931176
-0.24165341812400637,1.0506085842408712,-0.017701401003356484,0.23976754842134784,0.0,0.0,0.0,0.0
0.0,0.0,0.0,0.0,-0.25388765471278957,1.3575525812619502,0.025041169840627046,0.10843184865384875
-0.17488076311605724,1.1851377322229342,-0.019670629358699936,0.2664409769795153,0.0,0.0,0.0,0.0
-0.1271860095389507,1.060217809096733,-0.0175335432882145,0.23749389602312404,-0.1904157410345922,1.4563416188655194,0.02663035307176765,0.11531323944744903
0.0,0.0,0.0,0.0,-0.2094573151380514,1.287444231994901,0.02365016207844774,0.1024085859985934
-0.13354531001589826,0.9961563100576554,-0.01650317015190905,0.22353737129356574,0.0,0.0,0.0,0.0
0.0,0.0,0.0,0.0,-0.1967629324024119,1.3001912045889101,0.02384278829933688,0.10324268509872118
-0.19395866454689983,1.0666239590006406,-0.017801127566447562,0.24111835639074536,-0.23801967629324022,1.3288718929254302,0.024477835213347506,0.10599252910786072
-0.19395866454689983,1.0986547085201794,-0.018318826824760905,0.24813065343784368,0.0,0.0,0.0,0.0
0.0,0.0,0.0,0.0,-0.24436686766105997,1.4467813894200128,0.08263036314662123,-0.19483858710946209
-0.16534181240063592,1.1210762331838566,0.0267214124820993,-0.06171656841588723,-0.23167248492542047,1.4404079031230081,0.08215992070354124,-0.19372930551568057
-0.18124006359300476,1.0089686098654709,0.02417269943308932,-0.055829985011396056,0.0,0.0,0.0,0.0
0.0,0.0,0.0,0.0,-0.21580450650587113,1.1854684512428297,0.06785752087401661,-0.1600049060462691
-0.13672496025437203,0.9961563100576554,0.023710006464134303,-0.05476133557929018,0.0,0.0,0.0,0.0
0.0,0.0,0.0,0.0,-0.10790225325293556,1.27151051625239,0.07186322715148197,-0.16945017678884078
-0.0794912559618442,1.0249839846252402,0.02424212998720333,-0.055990343882619684,-0.16502697556331322,1.258763543658381,0.07149461352203718,-0.16858100284338837
-0.20031796502384738,1.053811659192825,0.025294289417939375,-0.058420442573508216,0.0,0.0,0.0,0.0
0.0,0.0,0.0,0.0,-0.2792764201840685,1.4149139579349903,0.08121903640069275,-0.19151074370353918
-0.1907790143084261,1.079436258808456,0.025848049351129554,-0.05969942297267699,-0.20311012377023166,1.3702995538559593,0.07801232050622084,-0.18394945545128114
-0.12400635930047695,1.079436258808456,0.025620973795427018,-0.05917496252065263,0.0,0.0,0.0,0.0
0.0,0.0,0.0,0.0,-0.1777213582989527,1.395793499043977,0.07923953486424444,-0.18684317033395065
-0.12400635930047695,1.057014734144779,0.025095792019980363,-0.057961987083937086,0.0,0.0,0.0,0.0
-0.13036565977742448,1.005765534913517,0.023914773620146358,-0.05523427188839475,-0.17454776261504282,1.2205226258763544,0.06943376590290065,-0.16372161916080705
0.0,0.0,0.0,0.0,-0.1904157410345922,1.3161249203314211,-0.0029040333318167155,-0.033272080534145536
-0.178060413354531,1.085842408712364,-0.0763303116226673,0.22433999408324082,0.0,0.0,0.0,0.0
0.0,0.0,0.0,0.0,-0.25388765471278957,1.4053537284894837,-0.003118642446415256,-0.03573089933145505
-0.18441971383147854,1.1082639333760411,-0.07793678296862153,0.22906152298289803,-0.20628371945414153,1.3607393244104524,-0.0030054874088419575,-0.0344344598306633
-0.10810810810810811,1.1082639333760411,-0.07724454633641804,0.2270269922876688,0.0,0.0,0.0,0.0
0.0,0.0,0.0,0.0,-0.18724214535068232,1.4149139579349903,-0.0031167787011397133,-0.03570954603560145
-0.15262321144674085,1.0409993593850095,-0.07298552769515684,0.21450944589660687,-0.1904157410345922,1.3352453792224346,-0.0029453637435313176,-0.03374561118271332
-0.13672496025437203,1.1467008327994876,-0.08010942610332211,0.23544706940111781,0.0,0.0,0.0,0.0
0.0,0.0,0.0,0.0,-0.15233259282767375,1.3161249203314211,-0.002893296099434837,-0.03314906195284702
-0.11446740858505565,1.0762331838565022,-0.07507877216267574,0.22066163421439322,0.0,0.0,0.0,0.0
0.0,0.0,0.0,0.0,-0.19993652808632179,1.4340344168260037,-0.003161885808940752,-0.03622634703336399
-0.14626391096979333,1.1402946828955798,-0.07974966150447323,0.23438969669738643,-0.1904157410345922,1.2906309751434033,-0.0028489453599326946,-0.03264092681531365
-0.13354531001589826,1.085842408712364,-0.075891809886173,0.22305120755952107,0.0,0.0,0.0,0.0
0.0,0.0,0.0,0.0,-0.1777213582989527,1.3384321223709368,-0.0029484764748466024,-0.03378127435705386
-0.1494435612082671,1.0217809096732864,0.10978510603528725,0.14298468207908938,-0.15550618851158363,1.2523900573613767,0.13821545373158714,0.18611288649431407
-0.08267090620031796,1.0730301089045484,0.11441595610440507,0.14901592482959428,0.0,0.0,0.0,0.0
0.0,0.0,0.0,0.0,-0.09838146620120596,1.2237093690248566,0.13445345337470416,0.18104719574477005
-0.09220985691573927,1.060217809096733,0.11314126012588825,0.14735575428535724,0.0,0.0,0.0,0.0
0.0,0.0,0.0,0.0,-0.16502697556331322,1.3001912045889101,0.14353976799257942,0.1932822982276827
-0.13354531001589826,1.0730301089045484,0.11495798521553777,0.14972186630865073,-0.13011742304030466,1.2492033142128744,0.13755329720680542,0.1852212650524926
-0.06041335453100159,1.0249839846252402,0.10915903603847876,0.14216928532186304,0.0,0.0,0.0,0.0
0.0,0.0,0.0,0.0,-0.11424944462075531,1.312938177182919,0.14433677919888963,0.19435550713573124
-0.10174880763116058,1.0922485586162716,0.11662382583601714,0.15189146562968356,-0.15550618851158363,1.2109623964308476,0.13371402913830568,0.18005153009910915
-0.09220985691573927,0.9993593850096093,0.10669697662699379,0.138962686586167,0.0,0.0,0.0,0.0
0.0,0.0,0.0,0.0,-0.12694382735639478,1.2810707456978967,0.14099041343409482,0.18984948573988075
-0.13036565977742448,1.0762331838565022,0.11525477823094465,0.15010841104576295,0.0,0.0,0.0,0.0
-0.1907790143084261,1.0409993593850095,0.11251575803077132,0.14654109716619074,-0.20311012377023166,1.3734862970044615,0.1520605099935638,0.20475583353840263
0.0,0.0,0.0,0.0,-0.20628371945414153,1.287444231994901,-0.04855503287508471,-0.15073135632358983
-0.10492845786963434,1.0666239590006406,-0.11303000912325577,0.07517778362837266,0.0,0.0,0.0,0.0
0.0,0.0,0.0,0.0,-0.18724214535068232,1.3862332695984703,-0.05209113104239614,-0.16170860917034285
-0.13672496025437203,1.079436258808456,-0.11474777096418645,0.07632029019812567,-0.1904157410345922,1.3033779477374123,-0.049052109147474994,-0.1522744503407727
-0.12400635930047695,1.0281870595771943,-0.1092192250610411,0.07264317974834271,0.0,0.0,0.0,0.0
0.0,0.0,0.0,0.0,-0.13963821009203425,1.2109623964308476,-0.04539420381169769,-0.14091906656452297
-0.10174880763116058,1.1082639333760411,-0.11736995352030827,0.07806433918447278,-0.14915899714376388,1.287444231994901,-0.048264205771841075,-0.14982852996076249
-0.13672496025437203,0.9929532351057015,-0.10570570943245623,0.07030629311310742,0.0,0.0,0.0,0.0
0.0,0.0,0.0,0.0,-0.15550618851158363,1.3001912045889101,-0.04876327521917109,-0.15137781147168736
-0.10810810810810811,1.0922485586162716,-0.11575226789063847,0.07698839465266771,0.0,0.0,0.0,0.0
0.0,0.0,0.0,0.0,-0.13329101872421453,1.2492033142128744,-0.04678351035295118,-0.14523194716438
-0.10810810810810811,0.9769378603459321,-0.10365756203140868,0.06894404265104595,-0.15867978419549347,1.1950286806883366,-0.04489262343969733,-0.13936199028838475
-0.14626391096979333,1.0153747597693787,-0.10818752333696126,0.07195698101595725,0.0,0.0,0.0,0.0
0.0,0.0,0.0,0.0,-0.13011742304030466,1.2460165710643722,-0.04665308712755418,-0.1448270690601727
-0.03179650238473768,1.0217809096732864,-0.10781000036321152,0.07170588539404725,-0.072992700729927,1.201402166985341,-0.04482186316590919,-0.1391423263027923
-0.08585055643879173,0.9897501601537476,0.07879084279171716,0.026018202576534245,0.0,0.0,0.0,0.0
0.0,0.0,0.0,0.0,-0.15550618851158363,1.2746972594008923,0.1121289650388062,0.05377889087338869
-0.13354531001589826,1.053811659192825,0.08424518342466958,0.02781932735806147,0.0,0.0,0.0,0.0
-0.06995230524642289,1.0281870595771943,0.0817330004358007,0.026989757783758294,-0.13329101872421453,1.2109623964308476,0.10637719398420309,0.05102024712984603
0.0,0.0,0.0,0.0,-0.10790225325293556,1.2938177182919057,0.11336553114012611,0.05437196825885817
-0.10810810810810811,1.0506085842408712,0.0837626943082494,0.027660000472763666,0.0,0.0,0.0,0.0
0.0,0.0,0.0,0.0,-0.13329101872421453,1.2619502868068833,0.11080368832036845,0.05314326642083764
-0.08585055643879173,1.0474055092889174,0.08334726291624481,0.027522817296002887,-0.11742304030466517,1.2109623964308476,0.10623452854957438,0.0509518224472705
-0.12082670906200318,1.060217809096733,0.08462909947471874,0.027946103582412406,0.0,0.0,0.0,0.0
0.0,0.0,0.0,0.0,-0.17454776261504282,1.2619502868068833,0.11123978817551639,0.053352427064671144
-0.1271860095389507,1.0442024343369636,0.08342670574908001,0.027549050797825225,0.0,0.0,0.0,0.0
-0.11446740858505565,1.1402946828955798,0.09089015581657678,0.03001362090388827,-0.13963821009203425,1.3671128107074568,0.11999437986587295,0.05755127284010321
0.0,0.0,0.0,0.0,-0.14915899714376388,1.3734862970044615,0.12063495253188616,0.05785850199797583
-0.11128775834658187,1.0025624599615632,0.080000598535842,0.026417686436631685,0.0,0.0,0.0,0.0
0.0,0.0,0.0,0.0,-0.15233259282767375,1.2555768005098789,0.04490552333071497,0.03283987694325311
-0.13672496025437203,1.0442024343369636,0.004610757520538149,0.1838766603503452,-0.15550618851158363,1.3097514340344167,0.04682868912090474,0.03424630811712404
-0.10174880763116058,1.0666239590006406,0.004691099625797495,0.1870806974168792,0.0,0.0,0.0,0.0
0.0,0.0,0.0,0.0,-0.1364646144081244,1.2778840025493945,0.04562860585111838,0.033368674721980324
-0.10810810810810811,1.1018577834721333,0.004847325045008217,0.19331095529063252,-0.15233259282767375,1.3065646908859145,0.04670315374061539,0.034154502785954305
-0.13354531001589826,1.0025624599615632,0.00442819571805505,0.17659610950840599,0.0,0.0,0.0,0.0
0.0,0.0,0.0,0.0,-0.19993652808632179,1.3224984066284258,0.04748820659058124,0.034728620112167374
-0.14308426073131955,0.9865470852017938,0.0043644993455432424,0.1740559030018327,0.0,0.0,0.0,0.0
0.0,0.0,0.0,0.0,-0.15550618851158363,1.2109623964308476,0.043347669514414655,0.03170060222094101
-0.07313195548489666,1.105060858424087,0.004848767913557184,0.19336849677897297,-0.09838146620120596,1.2938177182919057,0.04606896579852516,0.03369071453826467
-0.08585055643879173,0.9897501601537476,0.004349601525396766,0.17346177906388283,0.0,0.0,0.0,0.0
0.0,0.0,0.0,0.0,-0.13011742304030466,1.1790949649458253,0.04211731221623762,0.030800829113503903
-0.0985691573926868,0.980140935297886,0.004312904840294931,0.17199831804421375,-0.12059663598857505,1.1790949649458253,0.04208157571350784,0.030774694636829723
-0.05405405405405406,0.9865470852017938,0.004325785447887985,0.17251199569846992,0.0,0.0,0.0,0.0
0.0,0.0,0.0,0.0,-0.060298317994287524,1.118546845124283,-0.06349003267342251,0.08243613214567204
-0.025437201907790145,0.9609224855861628,-0.0817976144637673,0.12394789424993002,-0.025388765471278957,1.0739324410452518,-0.060886293833048596,0.07905541000583709
0.0,0.0,0.0,0.0,-0.012694382735639479,1.0548119821542383,-0.05978988966826075,0.07763182720381798
0.0,0.9096732863549007,-0.0774079580335602,0.11729624952200408,0.0,0.0,0.0,0.0
0.0,0.0,0.0,0.0,-0.04760393525864805,0.9592096876991714,-0.054433840268139744,0.07067747582714981
-0.04769475357710652,1.832158872517617,-0.15595898611577044,0.2363245926562626,-0.00952078705172961,1.0133843212237093,-0.057440021798566894,0.0745807338262579
0.04769475357710652,0.9833440102498399,-0.08377527967461919,0.1269446495957111,0.0,0.0,0.0,0.0
0.0,0.0,0.0,0.0,0.025388765471278957,1.0325047801147227,-0.058538902659110076,0.07600753239632713
-0.012718600953895072,0.9064702114029468,-0.07714298711131432,0.11689473918377306,0.0,0.0,0.0,0.0
0.0,0.8840486867392697,-0.0752274521734599,0.1139921298171589,-0.022215169787369086,0.9592096876991714,-0.054381508163273896,0.0706095272668715
0.0,0.0,0.0,0.0,0.012694382735639479,0.9655831739961759,-0.05473290092053152,0.07106577935168806
0.06995230524642289,0.9769378603459321,-0.08334462515519943,0.12629207896536662,0.0,0.0,0.0,0.0
0.0,0.0,0.0,0.0,0.031735956839098696,0.9687699171446781,0.15948323770454517,-0.18210904873079867
0.022257551669316374,0.877642536835362,0.17122868871187427,0.008297864565606935,0.00952078705172961,0.9560229445506692,0.15730819300104212,-0.17962543147043367
0.019077901430842606,0.8936579115951313,0.1743369709861179,0.0084484941448987,0.0,0.0,0.0,0.0
0.0,0.0,0.0,0.0,0.01904157410345922,0.9687699171446781,0.15942851902333047,-0.18204656713632367
0.006359300476947536,0.8680333119795004,0.1693040306562644,0.008204594261426607,-0.012694382735639479,1.0070108349267048,0.16570291169485388,-0.18921110490982573
-0.006359300476947536,0.9481101857783473,0.18492168084009886,0.008961436745203086,0.0,0.0,0.0,0.0
0.0,0.0,0.0,0.0,0.00952078705172961,1.0962396430847674,0.1803779196564989,-0.2059680492663417
0.022257551669316374,1.005765534913517,0.19621053367239596,0.009508502617214134,0.0,0.0,0.0,0.0
0.0,0.0,0.0,0.0,0.0,1.0898661567877628,0.1793224479492454,-0.20476283829033748
-0.01589825119236884,0.8904548366431775,0.17370021533681235,0.008417636511291439,-0.04443033957473817,1.0293180369662205,0.16951779239206277,-0.193567200915835
-0.019077901430842606,1.0185778347213326,0.19869623434676,0.009628961447458508,0.0,0.0,0.0,0.0
0.0,0.0,0.0,0.0,-0.022215169787369086,1.1217335882727852,0.18460198520425822,-0.2107913809828953
0.003179650238473768,0.980140935297886,0.19116574077603127,0.009264028349902483,-0.012694382735639479,1.118546845124283,0.18405331159736013,-0.2101648673125307
-0.009538950715421303,0.9865470852017938,0.19242317177863683,0.009324964354486232,0.0,0.0,0.0,0.0
0.0,0.0,0.0,0.0,-0.01904157410345922,1.0675589547482474,0.1756800444426987,-0.2006036887319382
-0.009538950715421303,0.9737347853939783,0.04264960829454105,0.12299904470329744,0.0,0.0,0.0,0.0
-0.03815580286168521,0.8488148622677771,0.037213870272292324,0.10732268539475108,-0.031735956839098696,1.0739324410452518,0.07885519502222772,-0.002798757185795452
0.0,0.0,0.0,0.0,-0.04443033957473817,1.0611854684512427,0.07795346395129214,-0.0027667526195303558
0.003179650238473768,0.9737347853939783,0.04264778934792074,0.12299379896469372,0.0,0.0,0.0,0.0
0.0,0.0,0.0,0.0,0.012694382735639479,1.0325047801147227,0.07578594937501211,-0.0026898224059411285
0.012718600953895072,0.9641255605381166,0.04223037196512443,0.12178999097255633,-0.02856236115518883,1.0866794136392606,0.07978389003656458,-0.002831718766120693
-0.019077901430842606,0.9833440102498399,0.04307653079958316,0.12423026492740531,0.0,0.0,0.0,0.0
0.0,0.0,0.0,0.0,-0.02856236115518883,1.0452517527087317,0.07674441689986033,-0.0027238406830091696
-0.01589825119236884,0.9993593850096093,0.04377540449313253,0.12624577691244365,0.0,0.0,0.0,0.0
-0.04451510333863275,0.9352978859705318,0.04101047616922392,0.11827188087651269,-0.06347191367819739,1.0834926704907584,0.07965878762690243,-0.0028272785860171045
0.0,0.0,0.0,0.0,-0.13011742304030466,1.1982154238368388,0.08845948537754426,-0.003139636142962842
-0.0890302066772655,1.0409993593850095,0.04576004995399448,0.13196938154850313,0.0,0.0,0.0,0.0
0.0,0.0,0.0,0.0,-0.13963821009203425,1.188655194391332,0.08784073460710094,-0.0031176752161715684
-0.10174880763116058,0.9577194106342088,0.042182182444626404,0.12165101513613054,-0.2094573151380514,1.297004461440408,0.09642638620210761,-0.003422400276955297
-0.17170111287758347,0.9385009609224856,-0.11326408389626255,0.08786958332938162,0.0,0.0,0.0,0.0
0.0,0.0,0.0,0.0,-0.2411932719771501,1.3671128107074568,-0.1154164409407063,0.0848938040352365
-0.12400635930047695,1.060217809096733,-0.12672252833651432,0.09831056218645404,-0.18089495398286257,1.2938177182919057,-0.10861366181647175,0.0798900645925651
-0.14626391096979333,1.0025624599615632,-0.1202798564955293,0.0933123767889207,0.0,0.0,0.0,0.0
0.0,0.0,0.0,0.0,-0.18724214535068232,1.3161249203314211,-0.11052379567326151,0.08129505098789752
-0.11128775834658187,1.0153747597693787,-0.1212627938768618,0.09407493359568095,0.0,0.0,0.0,0.0
-0.1494435612082671,0.9160794362588085,-0.11019062774912326,0.0854852148540439,-0.14915899714376388,1.2396430847673676,-0.10380671272697437,0.07635434480528804
0.0,0.0,0.0,0.0,-0.15550618851158363,1.2396430847673676,-0.10387107469806882,0.07640168582981521
-0.1494435612082671,1.0025624599615632,-0.12033492911981279,0.09335510179390177,0.0,0.0,0.0,0.0
0.0,0.0,0.0,0.0,-0.1682005712472231,1.2778840025493945,-0.1071590273030565,0.0788201177434138
-0.11446740858505565,1.0666239590006406,-0.12735211271903246,0.09879898989857173,-0.1682005712472231,1.3352453792224346,-0.1118889729275587,0.08229919813846862
-0.12400635930047695,0.9320948110185778,-0.111629285816911,0.0866013169812261,0.0,0.0,0.0,0.0
0.0,0.0,0.0,0.0,-0.18089495398286257,1.297004461440408,-0.10887606004035,0.08008306988033478
-0.13354531001589826,1.0089686098654709,-0.12082507472948746,0.09373535375914333,0.0,0.0,0.0,0.0
-0.09220985691573927,1.0153747597693787,-0.029606251198555672,0.28368659012346376,-0.14915899714376388,1.2396430847673676,0.022966455924267635,0.09501692520458851
0.0,0.0,0.0,0.0,-0.14281180577594413,1.3161249203314211,0.02435089637249795,0.10074463848144238
-0.09220985691573927,1.0249839846252402,-0.02988415537755988,0.2863494631901697,0.0,0.0,0.0,0.0
0.0,0.0,0.0,0.0,-0.1904157410345922,1.312938177182919,0.024402839009157892,0.10095953579249123
-0.1271860095389507,1.0089686098654709,-0.029530755380944303,0.28296319049670526,-0.22849888924151063,1.465901848311026,0.027289396762913233,0.11290181557182302
-0.13354531001589826,1.0025624599615632,-0.02937001223202274,0.2814229524065316,0.0,0.0,0.0,0.0
0.0,0.0,0.0,0.0,-0.1364646144081244,1.2683237731038879,0.023464188449502987,0.09707614645658003
-0.07313195548489666,1.057014734144779,-0.030767455481254622,0.2948132296019431,0.0,0.0,0.0,0.0
-0.07313195548489666,0.9577194106342088,-0.027891658886767267,0.2672573960616742,-0.09203427483338622,1.2364563416188654,0.022806286428423868,0.09435427124279189
0.0,0.0,0.0,0.0,-0.10790225325293556,1.188655194391332,0.021954015619405614,0.09082825260144924
-0.11446740858505565,0.9769378603459321,-0.02856283933078337,0.2736886355402398,0.0,0.0,0.0,0.0
0.0,0.0,0.0,0.0,-0.19993652808632179,1.2938177182919057,0.02408095426924202,0.09962783279234448
-0.1271860095389507,1.08263933376041,-0.031654373705603915,0.3033116647836416,-0.15550618851158363,1.3926067558954747,0.02577480754645456,0.1066356502230865
-0.08267090620031796,1.0185778347213326,-0.02967519204521673,0.28434718013124066,0.0,0.0,0.0,0.0
0.0,0.0,0.0,0.0,-0.15233259282767375,1.3671128107074568,-0.0322944829793178,-0.15526434295508498
-0.08585055643879173,0.9385009609224856,-0.10165947807432867,0.11254687618741609,-0.17137416693113297,1.3989802421924793,-0.03308951618539815,-0.15908667720482644
-0.0985691573926868,0.9641255605381166,-0.10454305033000283,0.11573926961481044,0.0,0.0,0.0,0.0
0.0,0.0,0.0,0.0,-0.13329101872421453,1.2077756532823454,-0.028527226485872755,-0.13715225227468547
-0.12400635930047695,0.8840486867392697,-0.0962965918220882,0.1066096423311022,0.0,0.0,0.0,0.0
-0.12400635930047695,1.0986547085201794,-0.11926522311696781,0.1320381390291588,-0.18724214535068232,1.3161249203314211,-0.03120993201048406,-0.15005007481878707
0.0,0.0,0.0,0.0,-0.1904157410345922,1.4149139579349903,-0.03351754000448476,-0.16114451591003714
-0.18124006359300476,0.9769378603459321,-0.10718115611977906,0.1186599079194274,0.0,0.0,0.0,0.0
0.0,0.0,0.0,0.0,-0.2570612503966994,1.437221159974506,-0.034277255523205596,-0.1647970509551876
-0.09538950715421304,0.4804612427930814,-0.05283928500871441,0.05849819987625038,-0.218978102189781,1.1408540471637985,-0.027272870771404518,-0.1311216025205589
-0.13036565977742448,0.8199871877001922,-0.08956352077750808,0.09915548136579233,0.0,0.0,0.0,0.0
0.0,0.0,0.0,0.0,-0.11107584893684544,0.9942638623326959,-0.023487647765274317,-0.11292313303703562
-0.025437201907790145,0.7303010890454837,-0.07882588943600533,0.08726788477342501,0.0,0.0,0.0,0.0
-0.04133545310015898,0.723894939141576,-0.07821428156831983,0.0865907757004341,-0.05395112662646778,0.9496494582536648,-0.022330968773515498,-0.10736209018707275
0.0,0.0,0.0,0.0,-0.0952078705172961,0.9432759719566602,0.10391420450960838,0.2782067768083412
-0.07631160572337042,0.8007687379884689,0.08539082164664505,0.575402489435842,0.0,0.0,0.0,0.0
0.0,0.0,0.0,0.0,-0.1047286575690257,0.9847036328871892,0.10853833611182016,0.2905868431780932
-0.12082670906200318,0.7911595131326074,0.08495941098834758,0.572495446711968,-0.16185337987940335,0.9878903760356915,0.10972254188772486,0.29375728627147996
-0.13990461049284578,0.6630365150544523,0.07193453982571464,0.48472789573824376,0.0,0.0,0.0,0.0
0.0,0.0,0.0,0.0,-0.15233259282767375,0.8986615678776291,0.09990398803918263,0.26747032933413944
-0.09220985691573927,0.6310057655349135,0.06769591844077272,0.45616612235744614,-0.06981910504601713,0.6947100063734862,0.07652811002702407,0.2048867036641159
-0.03815580286168521,0.515695067264574,0.05489330770908293,0.36989626402564313,0.0,0.0,0.0,0.0
0.0,0.0,0.0,0.0,-0.04443033957473817,0.6054811982154238,0.0665429324557317,0.1781536493999962
-0.04769475357710652,0.5765534913516976,0.06141316144351001,0.41383002642777955,0.0,0.0,0.0,0.0
0.0,0.0,0.0,0.0,-0.072992700729927,0.6564690885914595,0.072396504890345,0.193825265494573
-0.04451510333863275,0.5285073670723895,0.05630241760932032,0.3793914923048658,-0.06981910504601713,0.6022944550669216,0.06645728265721423,0.1779243414387576
-0.07313195548489666,0.4612427930813581,0.04957491494115674,0.33405849622519074,0.0,0.0,0.0,0.0
0.0,0.0,0.0,0.0,-0.10155506188511583,0.6054811982154238,0.06729150852019533,0.18015779248200425
-0.0794912559618442,0.48686739269698914,0.04716266439225174,0.16645999315821178,-0.08251348778165661,0.5768005098789037,0.05307837909786287,0.1641891085537888
-0.05087440381558029,0.47085201793721976,0.045277210919153786,0.15980531034339662,0.0,0.0,0.0,0.0
0.0,0.0,0.0,0.0,-0.060298317994287524,0.5640535372848948,0.051675049531224,0.1598481427128992
-0.05405405405405406,0.44202434336963486,0.042573984250247145,0.15026430797192714,0.0,0.0,0.0,0.0
-0.04769475357710652,0.34272901985906473,0.03308192892384225,0.11676222565635909,-0.06347191367819739,0.4716379859783301,0.043351033993121235,0.13409918967367557
0.0,0.0,0.0,0.0,-0.06347191367819739,0.4238368387507967,0.03903982735335806,0.12076319134432208
-0.06995230524642289,0.32671364509929535,0.03194297199252544,0.1127422924011539,0.0,0.0,0.0,0.0
0.0,0.0,0.0,0.0,-0.07616629641383688,0.4429572976418101,0.04094323771479445,0.12665107367547015
-0.06359300476947535,0.30108904548366433,0.029420283177420594,0.10383849596993196,-0.050777530942557915,0.3473550031867431,0.031978501556694836,0.09892015831529183
-0.03179650238473768,0.24983984625240233,0.02407828449737134,0.08498398307947141,0.0,0.0,0.0,0.0
0.0,0.0,0.0,0.0,-0.041256743890828305,0.2804333970681963,0.02582096941363372,0.07987286013769522
-0.03179650238473768,0.2402306213965407,0.023167247744342364,0.081768491045035,0.0,0.0,0.0,0.0
-0.025437201907790145,0.16976297245355543,0.016411160305001064,0.05792297079249823,-0.03808314820691844,0.27405991077119185,0.02520528853958708,0.07796835409245682
0.0,0.0,0.0,0.0,-0.01904157410345922,0.1975780752071383,0.018081706840589535,0.055932742818193486
-0.019077901430842606,0.15695067264573992,0.015115516518115707,0.05335001337629576,0.0,0.0,0.0,0.0
0.0,0.0,0.0,0.0,-0.022215169787369086,0.1752708731676227,-0.05537107702649786,0.2738695191114218
-0.019077901430842606,0.12812299807815503,-0.07541242072729734,0.3672288622342022,-0.025388765471278957,0.15296367112810708,-0.04859617205236543,0.24036032862911813
-0.012718600953895072,0.10890454836643178,-0.06383244470134182,0.3108389283254543,0.0,0.0,0.0,0.0
0.0,0.0,0.0,0.0,-0.015867978419549348,0.1147227533460803,-0.036297533131791106,0.17953033384157152
-0.009538950715421303,0.05124919923126201,-0.030348436016207826,0.14778496063825924,-0.006347191367819739,0.0,-0.0019892715662703825,0.009839087055788707
-0.003179650238473768,0.035233824471492634,-0.020595619161109906,0.1002925740693748,0.0,0.06373486297004462,-0.019975126530650016,0.09879848092030025
0.0,0.0,0.0,0.0,-0.0031735956839098697,0.041427660930529,-0.01302187390913391,0.06440716953577448
-0.006359300476947536,0.009609224855861628,-0.006708364956236223,0.03266710187223438,0.0,0.0,0.0,0.0
0.0,0.0,0.0,0.0,0.0,0.0031867431485022306,-0.0009987563265325009,0.004939924046015012
0.0,-0.0032030749519538757,-0.0018647511216086559,0.009080605371555493,-0.0031735956839098697,0.0,-0.0009946357831351913,0.004919543527894353
0.0,0.0032030749519538757,-0.0018647511216086559,0.009080605371555493,0.0,0.0,0.0,0.0
0.0,-0.0032030749519538757,-0.0018647511216086559,0.009080605371555493,0.0,0.0,0.0,0.0
